id,name,activity_name,quotas
6a7bbbab-7508-11ed-b2a2-1a198d2f4c14,2D/3D Animator Intern,BNI Digital Talent Thematic Internship,13
7659b95a-6429-11ed-b5cc-0a223dcf0f66,Academic Officers Intern,Zenius Professionals Practice Program Angkatan 4,6
3f356ec2-6fb0-11ed-a7a1-0278cb7f6574,Accounting Improvement,Great ISS Internship Program (GETS Program),2
99c6bc1f-5c0d-11ed-8806-7a77835150ba,Accounting Intern,[MMN-JTSE] Pengembangan Bisnis Perusahaan melalui Optimalisasi Sumber Daya dan Analisa Peluang Improvement,1
c53f879e-6a30-11ed-8ebe-a6bfdab34a31,Accounting Officer,Officer Development Program,2
02aaaa53-60b4-11ed-aaab-4a119f027d25,Accounting Officer - Jakarta (Head Office),ASTERIEX IV : First Journey to Become ASSA SPEED Racers!,2
a901972d-54d3-11ed-a443-0a3963f6cf56,Accounting & Tax Intern,Nusantara All Division ,2
381b0795-60ba-11ed-aaab-4a119f027d25,Account Payable Officer - Jakarta (Head Office),ASTERIEX IV : First Journey to Become ASSA SPEED Racers!,1
064d92bb-6fb6-11ed-b6f6-62d54cabf853,Administrasi dan Keuangan,Improving Performance Skill Through Project Management,10
e8429b8e-7062-11ed-8312-feb214c74b66,Administration,Smart Cities & Smart enterprises: Co-Creation Solution & Innovation Development Internship Programs ,3
ee3da637-64e4-11ed-b74d-2af064b3727d,Administrative Assistant Intern (for Sekolah 4.0 Program), Orbit 4 Indonesia Internship Program,1
b3b696ac-6175-11ed-9958-e6768c594c9c,Admin Operation Officer  - JBA (Jakarta),ASTERIEX IV : First Journey to Become ASSA SPEED Racers!,2
ecb3210d-60d8-11ed-aaab-4a119f027d25,Admin Seller Officer - JBA (Jakarta),ASTERIEX IV : First Journey to Become ASSA SPEED Racers!,1
03236732-670c-11ed-98f0-d6bd1ff96cc1,Admin Tax Intern,Lets Grow with Erajaya,2
1892f030-64e4-11ed-bf50-124073a7b39a,Admission Intern, Orbit 4 Indonesia Internship Program,2
c3d24ae8-81be-11ed-afe6-e28bf6b6d14d,Affiliate Partnership & Sales,Vocasia Internship Professional Edutech Program,20
45be6e8f-6fbc-11ed-83fd-7e8ddab09462,Agribusiness Intern,Petrokimia Undergraduate Apprenticeship Program Cycle 4,2
ac152b52-6faf-11ed-9576-62d54cabf853,Agricultural Researcher Intern,Petrokimia Undergraduate Apprenticeship Program Cycle 4,6
cb74cae0-6a45-11ed-98e1-a2c3ec1c6e84,Agronomy Assistant,Planter Development Program,50
0c5c571c-6c97-11ed-9738-0278cb7f6574,ALFAEXPRESS SOCIAL MEDIA SPECIALIST,Optimalisasi Social Media Beanspot Alfaexpress,2
4fcb958a-6f8e-11ed-ab38-feb214c74b66,"Analis Data dan Laporan Perusahaan Efek, PPE-EBUS dan Mitra Pemasaran PPE",Departemen Pengawasan Pasar Modal 2A,1
5ed111a1-6f8f-11ed-8b84-22d0c8df9d48,Analis Junior Departemen Hukum,Departemen Hukum,2
f32a26c4-6ed4-11ed-818c-feb214c74b66,Analis Junior Informasi dan Administrasi Perbankan (IDAP) - Publikasi, Departemen Perizinan dan Informasi Perbankan,1
7d87f1f0-6ed9-11ed-9161-22d0c8df9d48,Analis Junior Intelejen Pasar Modal,Departemen Pengawasan Pasar Modal 1B,1
ccf0a726-6edb-11ed-818c-feb214c74b66,Analis Junior Pedoman Pemeriksaan Pengelolaan Investasi Dan Lembaga Efek,Departemen Pengawasan Pasar Modal 1B,1
e8fad18e-6ed2-11ed-86a1-563600033649,Analis Junior Pemeriksaan Khusus Perbankan,Departemen Pemeriksaan Khusus Perbankan,1
2b9d1178-6ecf-11ed-9161-22d0c8df9d48,Analis Junior Pengaturan BPR 2, Departemen Penelitian dan Pengaturan Perbankan,1
dd6bdcb5-6ecd-11ed-9161-22d0c8df9d48,Analis Junior Prudensial, Departemen Penelitian dan Pengaturan Perbankan,1
cab55ffb-6f90-11ed-8b84-22d0c8df9d48,Analis Kebijakan Penyidikan dan Satgas Waspada Investasi ,Departemen Penyidikan Sektor Jasa Keuangan,2
06f4f83e-6f8c-11ed-83fd-7e8ddab09462,Analis   Laporan Pengelolaan Investasi,Departemen Pengawasan Pasar Modal 2A,1
d3224c53-5695-11ed-92ba-cac009710b2f,Analis Transportasi,Economic Feasibility Analysis & Traffic Volume Planning of Toll Road - Makassar,2
81dd63d4-7081-11ed-9540-86f9589d528b," Analyst : Data Analyst, Data Engineer, Data Scientist",Kampus Merdeka Bank Indonesia,65
b9590789-66e0-11ed-b864-9afb6f59ce88,Analyst Maintenance Strategy Intern,Implementasi Standard Job Development Maintenance Strategy di SOC & SOT,1
b8ea55ea-6f95-11ed-83fd-7e8ddab09462,Android Engineer,Belajar Birdsama Bluebird,6
472b113a-81bc-11ed-b579-e28bf6b6d14d,Animator,Vocasia Internship Professional Edutech Program,2
9b3928f6-705f-11ed-83e6-668d7502ff5d,Animator,Smart Cities & Smart enterprises: Co-Creation Solution & Innovation Development Internship Programs ,5
48ffb8e7-642d-11ed-8ebb-320b4c7afbe7,Animator Intern,Zenius Professionals Practice Program Angkatan 4,2
f0f344c2-55ab-11ed-9b1f-3642855f7e03,API Microservice - Creation Intern,DYNAMIC SUSTAINABILITY PROGRAMS (OFFLINE INTERNSHIP),2
b95c04d5-55ab-11ed-adef-fa00dd4e79e4,API Microservice Intern,DYNAMIC SUSTAINABILITY PROGRAMS (OFFLINE INTERNSHIP),1
2d49a5a4-6fe4-11ed-ab38-feb214c74b66,App Developer (Programmer),Vocasia Internship Professional Edutech Program,4
28959f4d-6b0c-11ed-8147-a2c3ec1c6e84,Applications Development,Officer Development Program,4
a3c10bf1-6c9b-11ed-9738-0278cb7f6574,Arjuna (Aplikasi Penunjang Kerja) Project Intern,HR System Project Intern,2
6039e062-60a8-11ed-b4b5-baaa6764964c,AR Officer - Bali,ASTERIEX IV : First Journey to Become ASSA SPEED Racers!,1
0317a911-60aa-11ed-b3af-8a7c8006de3f,AR Officer - Bandung,ASTERIEX IV : First Journey to Become ASSA SPEED Racers!,1
eebfa5ef-60ab-11ed-b7c7-aaf123262558,AR Officer - Banjarmasin,ASTERIEX IV : First Journey to Become ASSA SPEED Racers!,1
81b6acee-60b3-11ed-9380-320b4c7afbe7,AR Officer - Jakarta,ASTERIEX IV : First Journey to Become ASSA SPEED Racers!,5
faff704c-60b1-11ed-9958-e6768c594c9c,AR Officer - Lampung,ASTERIEX IV : First Journey to Become ASSA SPEED Racers!,1
2d9dc238-60a9-11ed-97af-4e7334462431,AR Officer - Malang,ASTERIEX IV : First Journey to Become ASSA SPEED Racers!,1
9d0caae3-60aa-11ed-b7c7-aaf123262558,AR Officer - Medan,ASTERIEX IV : First Journey to Become ASSA SPEED Racers!,1
38250772-60ad-11ed-b3af-8a7c8006de3f,AR Officer - Palembang,ASTERIEX IV : First Journey to Become ASSA SPEED Racers!,1
d0a5797b-60ae-11ed-aaab-4a119f027d25,AR Officer - Pekanbaru,ASTERIEX IV : First Journey to Become ASSA SPEED Racers!,1
5b13d070-60af-11ed-9958-e6768c594c9c,AR Officer - Semarang,ASTERIEX IV : First Journey to Become ASSA SPEED Racers!,1
96072390-60ce-11ed-aaab-4a119f027d25,AR Officer - Surabaya,ASTERIEX IV : First Journey to Become ASSA SPEED Racers!,1
846a6619-6ed7-11ed-818c-feb214c74b66,Asisten Analis Pengembangan Produk Perbankan Syariah,Direktorat Pengaturan dan Perizinan Perbankan Syariah,1
59be4f56-6eca-11ed-9161-22d0c8df9d48,Asisten Peneliti,OJK Institute,1
b438bb57-6fb2-11ed-9576-62d54cabf853,Assessment Intern,Belajar Birdsama Bluebird,2
c898e821-6a4a-11ed-931a-a6bfdab34a31,Assessment Officer,Learning Management di Head Office,2
40573ff3-6c9c-11ed-8441-22d0c8df9d48,ASSET MANAGEMENT,Optimalisasi Asset,1
5a542b10-6a34-11ed-8ebe-a6bfdab34a31,Asset Management Officer,Officer Development Program,1
ca2620cc-60ba-11ed-9380-320b4c7afbe7,Asset & Treasury Officer - Jakarta (Head Office),ASTERIEX IV : First Journey to Become ASSA SPEED Racers!,1
35d65c31-75e0-11ed-a033-260399e19f34,Assistant Business Analyst,Huawei Roll Out & Manage Service Internship,2
96990b59-74c8-11ed-84f4-260399e19f34,Assistant Business Operation Support,Huawei Roll Out & Manage Service Internship,2
5a3b7354-75dc-11ed-a007-b2d858cc7bd2,Assistant Data Analyst Engineer,Huawei Roll Out & Manage Service Internship,2
27185219-74c9-11ed-be17-36f737f7a6bf,Assistant Procurement Specialist,Huawei Roll Out & Manage Service Internship,2
b8ac45f4-756b-11ed-be17-36f737f7a6bf,Assistant Project Controller,Huawei Roll Out & Manage Service Internship,5
7af1196c-75d8-11ed-8c3c-3eca353efbd3,Assistant Quality Control and EHS Engineer,Huawei Roll Out & Manage Service Internship,3
cd76d463-6169-11ed-b3d1-4eaca8c1bf53,Auction Relation Officer - JBA (Jakarta),ASTERIEX IV : First Journey to Become ASSA SPEED Racers!,1
d1eac21d-6b11-11ed-8225-d61b0e2692e7,Automation  & Electrical Infrastructure Project Analyst Officer,Officer Development Program,1
d6b8ef6d-64e2-11ed-b74d-2af064b3727d, B2B Customer Success Intern, Orbit 4 Indonesia Internship Program,2
908485a7-6ca3-11ed-934e-964ca1abcf1b,B2B STORE SUPPORT,Monitoring Order Online,3
75af1a20-64e2-11ed-b5cc-0a223dcf0f66,B2C Customer Success Intern, Orbit 4 Indonesia Internship Program,2
2d0f39bb-706a-11ed-b6f6-62d54cabf853,Backend Developer,Vocasia Internship Professional Edutech Program,5
0b658e26-6ff9-11ed-83fd-7e8ddab09462,BackEnd Developer, Project-Based Learning Internship Bangbeli,3
200201e1-750c-11ed-b175-b2d858cc7bd2,Backend Developer Intern,BNI Digital Talent Thematic Internship,10
5356b013-6046-11ed-b7c7-aaf123262558,Bahasa Indonesia Subject Research Intern,Zenius Professionals Practice Program Angkatan 4,2
154d586e-6c74-11ed-934e-964ca1abcf1b,BCA Young Innovators (BYON),BCA Young Innovators (BYON),1
aa114d85-55ad-11ed-9b1f-3642855f7e03,Bid Management B2B Intern,DYNAMIC SUSTAINABILITY PROGRAMS (OFFLINE INTERNSHIP),3
cd416f03-6047-11ed-bb63-2e0edbdc1ce0,Biology Subject Research Intern,Zenius Professionals Practice Program Angkatan 4,1
24e2ef0e-600b-11ed-bb63-2e0edbdc1ce0,Brand and Campaign Intern,Zenius Professionals Practice Program Angkatan 4,3
1bd47095-8d5b-11ed-9e48-aa91c5a02ffe,Brand Campaign Intern,Belajar Birdsama Bluebird,1
659b4300-54ff-11ed-b209-b250481d78c3,Brand & Communications Intern,DYNAMIC SUSTAINABILITY PROGRAMS (OFFLINE INTERNSHIP),3
5017e487-6f98-11ed-ab38-feb214c74b66,"Branding, Creative, and Design",Great ISS Internship Program (GETS Program),1
9fc6b562-6b05-11ed-8147-a2c3ec1c6e84,Branding & Promotion Intern,Lets Grow with Erajaya,3
255c617f-6c6b-11ed-934e-964ca1abcf1b,BUILDING & MAINTANANCE DEVELOPMENT,Energy Baru Terbarukan,2
d9fc465b-6c91-11ed-8441-22d0c8df9d48,BUILDING & MAINTENANCE,Optimalisasi Ukur dan Gambar Renovasi Toko Alfamart,3
055c11b6-6fc1-11ed-8b84-22d0c8df9d48,Business Administration Intern,Petrokimia Undergraduate Apprenticeship Program Cycle 4,3
81ec85aa-6ba7-11ed-bc50-b2867cbd16b8,Business Analyst,Implementasi dan pengembangan dalam Objective and Key Results,6
ed1fd06b-56cc-11ed-b186-36a705b63a4f,Business Analyst,Economic Feasibility Analysis & Traffic Volume Planning of Toll Road - Makassar,1
348fe57f-60bd-11ed-9380-320b4c7afbe7,Business Analyst - Jakarta (Head Office),ASTERIEX IV : First Journey to Become ASSA SPEED Racers!,1
98e60fc2-6ecb-11ed-9cff-0278cb7f6574,Business and Management Specialist,Belajar Birdsama Bluebird,1
8243a822-7061-11ed-b6f6-62d54cabf853,Business Development ,Smart Cities & Smart enterprises: Co-Creation Solution & Innovation Development Internship Programs ,10
812ec61a-6faa-11ed-8b84-22d0c8df9d48,Business Development and Partnership,Implies Smart4.0 for Education ,10
6f44bffb-6ff9-11ed-b6f6-62d54cabf853,Business Development Intern,BNI Ekspor dan Diaspora,4
89519665-6bc7-11ed-934e-964ca1abcf1b,Business Development Specialist,OPTIMIZING QUALITY ON PREPAID TRANSACTION,2
30d01a1f-6c8c-11ed-8fcc-563600033649,Business Development Specialist,EXCELLENT HANDLING COMPLAIN,2
da1a3dba-7060-11ed-a7a1-0278cb7f6574,Business Executive ,Smart Cities & Smart enterprises: Co-Creation Solution & Innovation Development Internship Programs ,12
88c90b4f-543d-11ed-8e0a-3642855f7e03,Business & Financial Analyst Intern,Analisa Bisnis dan Valuasi dalam Merger & Akuisisi dan Project Baru di Industri Infrastruktur,2
5cd13bc3-55ad-11ed-adef-fa00dd4e79e4,Business Intelligence Intern,DYNAMIC SUSTAINABILITY PROGRAMS (OFFLINE INTERNSHIP),1
5dfbfae6-6fb4-11ed-a7a1-0278cb7f6574,Business Intelligence Specialist,Belajar Birdsama Bluebird,1
23086668-6001-11ed-b7c7-aaf123262558,Business Ops Intern,Zenius Professionals Practice Program Angkatan 4,2
2f32c367-55aa-11ed-a8a3-d299d3302380,Business & Performance Management Intern,DYNAMIC SUSTAINABILITY PROGRAMS (OFFLINE INTERNSHIP),2
d8865ca5-60c8-11ed-9380-320b4c7afbe7,Business Process  Analyst - Jakarta (Head Office),ASTERIEX IV : First Journey to Become ASSA SPEED Racers!,4
05cdf645-55a7-11ed-8e0a-3642855f7e03,Business Process Management Intern,DYNAMIC SUSTAINABILITY PROGRAMS (OFFLINE INTERNSHIP),6
14411141-6fbb-11ed-83fd-7e8ddab09462,Business Program Development,Improving Performance Skill Through Project Management,10
fd87dc2f-5502-11ed-a443-0a3963f6cf56,Business Relation Management Intern,DYNAMIC SUSTAINABILITY PROGRAMS (OFFLINE INTERNSHIP),4
31569864-60a5-11ed-b4b5-baaa6764964c,Business Representative - Bali,ASTERIEX IV : First Journey to Become ASSA SPEED Racers!,1
a2a7e8e4-60a9-11ed-b4b5-baaa6764964c,Business Representative - Bandung,ASTERIEX IV : First Journey to Become ASSA SPEED Racers!,1
7671c641-60ab-11ed-b7c7-aaf123262558,Business Representative - Banjarmasin,ASTERIEX IV : First Journey to Become ASSA SPEED Racers!,1
300d3ac2-60b1-11ed-9380-320b4c7afbe7,Business Representative - Lampung,ASTERIEX IV : First Journey to Become ASSA SPEED Racers!,1
ec089b98-60a7-11ed-b3af-8a7c8006de3f,Business Representative - Malang,ASTERIEX IV : First Journey to Become ASSA SPEED Racers!,1
1b05e09a-60a7-11ed-b7c7-aaf123262558,Business Representative - Manado,ASTERIEX IV : First Journey to Become ASSA SPEED Racers!,1
3db6bdc2-60ae-11ed-b3af-8a7c8006de3f,Business Representative - Pekanbaru,ASTERIEX IV : First Journey to Become ASSA SPEED Racers!,1
fbe8141f-60b2-11ed-aaab-4a119f027d25,Business Representatives - Jakarta,ASTERIEX IV : First Journey to Become ASSA SPEED Racers!,4
0f12c54c-60cf-11ed-aaab-4a119f027d25,Business Representative - Surabaya,ASTERIEX IV : First Journey to Become ASSA SPEED Racers!,1
a89dfe25-6ff5-11ed-83e6-668d7502ff5d,Business Research , Project-Based Learning Internship Bangbeli,3
96069a30-7ad0-11ed-b405-728dbbd1a348,Business Support,Business Support,1
f495a42e-81ba-11ed-b579-e28bf6b6d14d,Camera Person,Vocasia Internship Professional Edutech Program,1
f9b57f3d-55a9-11ed-a8a3-d299d3302380,Category Management Intern,DYNAMIC SUSTAINABILITY PROGRAMS (OFFLINE INTERNSHIP),1
36b7ef1f-6b95-11ed-8147-a2c3ec1c6e84,Central Warehouse Administration Assistant,Planter Development Program,2
9d4f92d7-5fe2-11ed-830e-b229ea0b86ea,Channel Survey & Audit Intern,DYNAMIC SUSTAINABILITY PROGRAMS (OFFLINE INTERNSHIP),1
6861a4c6-6fa1-11ed-ab38-feb214c74b66,Civil and Architecture Intern ,Petrokimia Undergraduate Apprenticeship Program Cycle 4,3
abec228b-54d4-11ed-8e0a-3642855f7e03,Civil Engineering Intern,Nusantara All Division ,2
bccaa5f4-6b03-11ed-bb11-f69d568c6c8e,Civil & Infrastructure Engineer Officer,Officer Development Program,1
b7184b01-63e3-11ed-8ffa-4eaca8c1bf53,Civil works and Structural Engineer,Aktifitas 1- Evaluasi Strategi Efisiensi Sumber Daya dalam Proses Produksi Methanol untuk mencapai PROPER Emas PT. KMI pada tahun 2023.,2
518da48c-6496-11ed-b74d-2af064b3727d,Civil works and Structural Engineer,"Aktifitas 2- Evaluasi Strategi Penurunan Emisi dalam Proses Produksi Methanol dengan memanfaatkan renewable energy dan optimasi permesinan, untuk mendukung target Net Zero Emission pada tahun 2060",2
e8794c01-64e4-11ed-bf50-124073a7b39a,Coach Assistant Intern (for Sekolah 4.0 Program), Orbit 4 Indonesia Internship Program,2
aed46810-64e3-11ed-8ebb-320b4c7afbe7,Coaches AI and Cloud Intern (Operations), Orbit 4 Indonesia Internship Program,3
deed8d3c-55a0-11ed-a443-0a3963f6cf56,Commerce Planning Intern,DYNAMIC SUSTAINABILITY PROGRAMS (OFFLINE INTERNSHIP),2
02f063d2-6c96-11ed-9738-0278cb7f6574,Commercial Excellence,Great ISS Internship Program (GETS Program),2
e41e8a06-642a-11ed-b5cc-0a223dcf0f66,Commercial Marketing Intern,Zenius Professionals Practice Program Angkatan 4,2
5430bcab-6b13-11ed-98f2-a6bfdab34a31,Commercial & Palm Logistic,Officer Development Program,4
f6648ddc-5667-11ed-b186-36a705b63a4f,Communication Intern - BSDT,[BSDT] Akselerasi dan Pengembangan Bisnis Perusahaan melalui Strategi Komunikasi Stakeholder,1
1d474a14-6b97-11ed-8225-d61b0e2692e7,Community Development Facilitator Assistant,Planter Development Program,4
458f8444-6fee-11ed-8b84-22d0c8df9d48,Community Development Interns,Improving Performance Skill Through Project Management,10
b85d7146-6bd9-11ed-9b00-0278cb7f6574,Community Empowerment Officer,Community Empowerment Officer,9
0283bc25-600c-11ed-b7c7-aaf123262558,Community Intern,Zenius Professionals Practice Program Angkatan 4,3
ca0635cc-566d-11ed-92ba-cac009710b2f,Comunication Intern,[MMN-JTSE] Pengembangan Bisnis Perusahaan melalui Optimalisasi Sumber Daya dan Analisa Peluang Improvement,1
8764a5e8-6ad4-11ed-931a-a6bfdab34a31,Conservation Database & Analysis Assistant,Planter Development Program,1
2b9dc1d1-600d-11ed-bb63-2e0edbdc1ce0,Contech Developer Intern,Zenius Professionals Practice Program Angkatan 4,5
ad67662b-6ff1-11ed-83fd-7e8ddab09462, Content Creator, Project-Based Learning Internship Bangbeli,6
d322d597-7add-11ed-a3f0-e28bf6b6d14d,Content Creator,Lets Grow with Erajaya,3
4a5f832a-6fad-11ed-9576-62d54cabf853,Content Creator,Implies Smart4.0 for Education ,10
ba8b1d4a-6b13-11ed-98f2-a6bfdab34a31,Content Creator & Talent Partnership Intern,Employer Branding Project,2
17df75e4-5500-11ed-b209-b250481d78c3,Content Lead Intern,DYNAMIC SUSTAINABILITY PROGRAMS (OFFLINE INTERNSHIP),4
7758e6d3-7066-11ed-8312-feb214c74b66,Content Manager ,Smart Cities & Smart enterprises: Co-Creation Solution & Innovation Development Internship Programs ,2
85c302c8-81ba-11ed-8c99-9aeeab388a33,Content Producer & Currator,Vocasia Internship Professional Edutech Program,2
edc2c875-6fe1-11ed-b6f6-62d54cabf853,Content Production and Streaming,Improving Performance Skill Through Project Management,10
3076dee2-7062-11ed-8312-feb214c74b66,Content Writer ,Smart Cities & Smart enterprises: Co-Creation Solution & Innovation Development Internship Programs ,6
c83d8dec-64e0-11ed-8e15-4eaca8c1bf53,Content Writer Intern, Orbit 4 Indonesia Internship Program,3
53817f6b-670b-11ed-9ad9-5a2f049e0a05,Content Writer Marketplace,Lets Grow with Erajaya,2
1e7a02bb-6b01-11ed-8147-a2c3ec1c6e84,Continuous Improvement,Officer Development Program,3
f2f9b476-81bd-11ed-afe6-e28bf6b6d14d,Copywriter,Vocasia Internship Professional Edutech Program,5
c9a91d88-657d-11ed-ac0b-96cc8f5beea7,Copywriter Intern,Zenius Professionals Practice Program Angkatan 4,4
ed0114a8-54e0-11ed-8e0a-3642855f7e03,Core & Fiberaztion Project Intern,DYNAMIC SUSTAINABILITY PROGRAMS (OFFLINE INTERNSHIP),5
4bc0fb24-6baf-11ed-98f2-a6bfdab34a31,Corporate Banking Strategy Intern,Corporate Banking Strategy Intern (COBA),3
832160be-54d5-11ed-8e0a-3642855f7e03,Corporate Communication & CSR Intern,Nusantara All Division ,1
1daea319-8590-11ed-a5b3-36fb96982c30,Corporate Communication Intern,DYNAMIC SUSTAINABILITY PROGRAMS (OFFLINE INTERNSHIP),2
f1cb16a2-54d6-11ed-b209-b250481d78c3,Corporate Communication Intern (Graphic Designer),Nusantara All Division ,1
8ea53811-6fbb-11ed-ab38-feb214c74b66,Corporate Communications Intern,Petrokimia Undergraduate Apprenticeship Program Cycle 4,3
b18c3c6e-6f9c-11ed-8b84-22d0c8df9d48,Corporate Finance Intern,Petrokimia Undergraduate Apprenticeship Program Cycle 4,6
99b4d178-8590-11ed-a5b3-36fb96982c30,Corporate Secretary Intern,DYNAMIC SUSTAINABILITY PROGRAMS (OFFLINE INTERNSHIP),1
727ba7f6-54d7-11ed-a443-0a3963f6cf56,Corporate Secretary Intern,Nusantara All Division ,1
9f3f366e-6653-11ed-9ad9-5a2f049e0a05,Creative Graphic Design Intern,Employer Branding Project,2
3fd79b95-64e3-11ed-8ebb-320b4c7afbe7,Creative Intern for Orbit Global Alliances, Orbit 4 Indonesia Internship Program,1
128ffa7c-6f95-11ed-9576-62d54cabf853,Creative Marketing Intern,Belajar Birdsama Bluebird,3
d5c67189-569c-11ed-a8eb-9a9247092b05,Creative Team,"Digital Talent for TikTok Content Creation, Live Streaming Shop, and Learning Development - Hakka Indonesia",11
4a788e9b-6ed1-11ed-9cff-0278cb7f6574,CRM Marketing (Operation) - Intern,Belajar Birdsama Bluebird,1
3918f5b9-8c25-11ed-81aa-fac4d2e980ef,CRM Ops Intern,Zenius Professionals Practice Program Angkatan 4,1
5a449fb3-60d7-11ed-aaab-4a119f027d25,Customare Care  - Jakarta,ASTERIEX IV : First Journey to Become ASSA SPEED Racers!,2
bd9b185e-6fae-11ed-ab38-feb214c74b66,Customer Acquisition and Business Development,Integration in The Educational Ecosystem,10
fb584450-6c8b-11ed-934e-964ca1abcf1b,CUSTOMER CARE,Optimalisasi layanan konsumen melalui channel email AlfaCare,4
ad7acd78-54df-11ed-a443-0a3963f6cf56,Customer Experience Management Intern,DYNAMIC SUSTAINABILITY PROGRAMS (OFFLINE INTERNSHIP),2
032ff23e-6ff4-11ed-a7a1-0278cb7f6574,Customer Service, Project-Based Learning Internship Bangbeli,6
dbb3e35b-6198-11ed-aaab-4a119f027d25,Customer Service Operation,Apprenticeship AEON Retail Sentul Branch,6
85b06efa-6191-11ed-9380-320b4c7afbe7,Customer Service Operation,Apprenticeship AEON Retail Jakarta Garden City Branch,6
7f38dcfd-616f-11ed-9380-320b4c7afbe7,Customer Service Operation,Apprenticeship AEON Retail BSD Branch,6
deac6baa-61a1-11ed-9380-320b4c7afbe7,Customer Service Retail,Apprenticeship AEON Retail Tanjung Barat Branch,4
d378e776-55a6-11ed-8e0a-3642855f7e03,CVM Data Science & Analytics Intern,DYNAMIC SUSTAINABILITY PROGRAMS (OFFLINE INTERNSHIP),2
fe113bd6-60dc-11ed-9958-e6768c594c9c,D2D Officer - JBA (Jakarta),ASTERIEX IV : First Journey to Become ASSA SPEED Racers!,1
131f4d7d-704d-11ed-a7a1-0278cb7f6574,Data Analyst,BNI Global Trade,2
f3f59567-6f98-11ed-9576-62d54cabf853,Data Analyst,Belajar Birdsama Bluebird,1
3055f672-6000-11ed-b4b5-baaa6764964c,Data Analyst Intern,Zenius Professionals Practice Program Angkatan 4,1
d5f98f09-64e1-11ed-b74d-2af064b3727d,Data Analyst Intern, Orbit 4 Indonesia Internship Program,1
a2845609-6f98-11ed-8b84-22d0c8df9d48,Data Engineer,Belajar Birdsama Bluebird,1
d52fc38c-6b12-11ed-8225-d61b0e2692e7,Data Engineering for Information Analyzer Project Intern,Data Engineering for Information Analyzer Project,3
eb891ca6-55ac-11ed-adef-fa00dd4e79e4,Data Governance Intern,DYNAMIC SUSTAINABILITY PROGRAMS (OFFLINE INTERNSHIP),3
edc3475f-6aea-11ed-a22e-c63f61abb566,Data Governance & Master Data Management intern,Analyst for Data Privacy Program's Records of Processing Activities Implementation and Master Data Management,3
80fe8c5b-6ff6-11ed-83fd-7e8ddab09462,Data  & Growth Analyst, Project-Based Learning Internship Bangbeli,4
3d67e5a3-6c8e-11ed-8441-22d0c8df9d48,DATA INFORMATION SPECIALIST,Location & Development Dashboard with Google Looker Studio,2
c54e1efa-55a4-11ed-adef-fa00dd4e79e4,Data Integrity Intern,DYNAMIC SUSTAINABILITY PROGRAMS (OFFLINE INTERNSHIP),1
59e56a84-55a6-11ed-8e0a-3642855f7e03,Data Quality & Integrity Intern,DYNAMIC SUSTAINABILITY PROGRAMS (OFFLINE INTERNSHIP),1
4b872fd1-6f99-11ed-9576-62d54cabf853,Data Scientist,Belajar Birdsama Bluebird,1
5bcfefc8-6f97-11ed-a7a1-0278cb7f6574,Data Scientist,Departemen Audit Internal,1
f6ff6a99-654a-11ed-8642-0ec0e2c26b07,Data Scientist Intern,Lets Grow with Erajaya,4
ec25c4ab-6a3a-11ed-aad2-c63f61abb566,Data Support,Apprenticeship AEON Retail Jakarta Garden City Branch,2
22062203-6a3c-11ed-bcf7-7a198d98cc8b,Data Support,Apprenticeship AEON Retail Sentul Branch,2
f792766c-6a3c-11ed-aad2-c63f61abb566,Data Support,Apprenticeship AEON Retail Tanjung Barat Branch,2
6e94023a-6174-11ed-a376-0e835ac0e5ce,Data Support,Apprenticeship AEON Retail BSD Branch,5
d276e4bd-55da-11ed-a8eb-9a9247092b05,Department Store Merchandiser Officer,Learning Management di Head Office,10
1ea38346-6190-11ed-988f-e6768c594c9c,Designer Officer - Autopedia (Jakarta),ASTERIEX IV : First Journey to Become ASSA SPEED Racers!,1
3bfdf32f-66dc-11ed-bbef-2e218cacb4ef,Developer Training Content Intern,Digital Learning Development,2
a3f792e4-54e2-11ed-b2cf-8e356342aecb,DevOps Intern,DYNAMIC SUSTAINABILITY PROGRAMS (OFFLINE INTERNSHIP),7
f9abc181-6bc3-11ed-9526-12fe73fa6d13,Digital Business Specialist,DIGITAL BUSINESS DEVELOPMENT,3
624a790f-54e0-11ed-a443-0a3963f6cf56,Digital Channel Touchpoint Intern,DYNAMIC SUSTAINABILITY PROGRAMS (OFFLINE INTERNSHIP),3
59516ae2-6ed2-11ed-9cff-0278cb7f6574,Digital Content Intern,Belajar Birdsama Bluebird,1
46f8d097-60df-11ed-9958-e6768c594c9c,Digital Development - JBA (Jakarta),ASTERIEX IV : First Journey to Become ASSA SPEED Racers!,1
d5170f2b-654b-11ed-8642-0ec0e2c26b07,Digital Experience Salesforce Intern,Lets Grow with Erajaya,1
260b1914-55ae-11ed-9b1f-3642855f7e03,Digitalization Customer Contact Center Intern,DYNAMIC SUSTAINABILITY PROGRAMS (OFFLINE INTERNSHIP),4
db7500b9-55ad-11ed-9b1f-3642855f7e03,Digitalization Enterprise Intern,DYNAMIC SUSTAINABILITY PROGRAMS (OFFLINE INTERNSHIP),3
3ec8ec6a-6f99-11ed-83fd-7e8ddab09462,Digital Marketing,Great ISS Internship Program (GETS Program),1
2d14ebd1-54d6-11ed-b2cf-8e356342aecb,Digital Marketing,Nusantara All Division ,1
2c78ed1f-7060-11ed-8312-feb214c74b66,Digital Marketing ,Smart Cities & Smart enterprises: Co-Creation Solution & Innovation Development Internship Programs ,5
c0826754-6fb0-11ed-83fd-7e8ddab09462,Digital Marketing & Event Management,Integration in The Educational Ecosystem,10
43f112d7-64df-11ed-aa64-3e2209ea9924,Digital Marketing Intern, Orbit 4 Indonesia Internship Program,1
2b4783e2-6bd6-11ed-934e-964ca1abcf1b,Digital Marketing Specialist,OPTIMIZING DIGITAL MARKETING MEMBER,3
1e3e190b-55a6-11ed-8e0a-3642855f7e03,Digital Touchpoint Intern,DYNAMIC SUSTAINABILITY PROGRAMS (OFFLINE INTERNSHIP),2
4cb990a7-6f97-11ed-83fd-7e8ddab09462,Diversity & Inclusion,Great ISS Internship Program (GETS Program),2
36755762-647d-11ed-b5cc-0a223dcf0f66,Drafter Intern,Lets Grow with Erajaya,5
d6596265-6723-11ed-ab03-d2f881693fc9,EBB Branding Specialist,EBB Branding Project,4
a7c194fd-6008-11ed-b7c7-aaf123262558,Economics Subject Research Intern,Zenius Professionals Practice Program Angkatan 4,2
e1963c67-64dc-11ed-b5cc-0a223dcf0f66,E-learning Content Creator Intern, Orbit 4 Indonesia Internship Program,5
16630686-6495-11ed-8ebb-320b4c7afbe7,Electrical and Instrumentation Engineer,"Aktifitas 2- Evaluasi Strategi Penurunan Emisi dalam Proses Produksi Methanol dengan memanfaatkan renewable energy dan optimasi permesinan, untuk mendukung target Net Zero Emission pada tahun 2060",2
5398821f-63e2-11ed-b5cc-0a223dcf0f66,Electrical and Instrumentation Engineer,Aktifitas 1- Evaluasi Strategi Efisiensi Sumber Daya dalam Proses Produksi Methanol untuk mencapai PROPER Emas PT. KMI pada tahun 2023.,2
515d90ce-6b14-11ed-98f2-a6bfdab34a31,Electrical & Instrument Engineering Assistant,Planter Development Program,2
f84cc433-6fa3-11ed-ab38-feb214c74b66,Electrical Intern,Petrokimia Undergraduate Apprenticeship Program Cycle 4,3
cdbfa9f3-5664-11ed-92ba-cac009710b2f,Electronic Pro Merchandiser Officer,Learning Management di Head Office,5
5046f9a0-5501-11ed-b209-b250481d78c3,Employee Relation Intern,DYNAMIC SUSTAINABILITY PROGRAMS (OFFLINE INTERNSHIP),2
af104022-5668-11ed-b186-36a705b63a4f,Engineering & Maintenance Intern ,"Analisa Struktur Jalan, Jembatan, Serta Bangunan Pendukung Lain Di Ruas Tol Seksi 1, 2, 3, Dan 4 Kota Makassar",2
98bb452b-6585-11ed-9da9-9afb6f59ce88,Engineering Supervisor ,Learning Management di Site Pertambangan Batubara,8
d9952d1c-604e-11ed-b3af-8a7c8006de3f,English Subject Content Intern,Zenius Professionals Practice Program Angkatan 4,1
350b9215-55a7-11ed-adef-fa00dd4e79e4,Enterprise Data Management Intern,DYNAMIC SUSTAINABILITY PROGRAMS (OFFLINE INTERNSHIP),2
2cb7554f-646f-11ed-b5cc-0a223dcf0f66,Environmental Impact Evaluator,Aktifitas 1- Evaluasi Strategi Efisiensi Sumber Daya dalam Proses Produksi Methanol untuk mencapai PROPER Emas PT. KMI pada tahun 2023.,4
37110588-6499-11ed-b5cc-0a223dcf0f66,Environmental Impact Evaluator,"Aktifitas 2- Evaluasi Strategi Penurunan Emisi dalam Proses Produksi Methanol dengan memanfaatkan renewable energy dan optimasi permesinan, untuk mendukung target Net Zero Emission pada tahun 2060",4
27c22420-543f-11ed-8e0a-3642855f7e03,Environment Engineering Intern,Analisa & Optimalisasi Pola Operasi & Maintenance Pembangkit Listrik Tenaga Air,1
924b2cd2-6ec8-11ed-9cff-0278cb7f6574,"ESG (Environmental, Social, and Good Corporate Governance) Specialist",Belajar Birdsama Bluebird,1
eb0a924c-8d65-11ed-918e-fe53fd1fa495,Estate Database & Analysis Officer,Officer Development Program,2
9c96cee8-647d-11ed-8ffa-4eaca8c1bf53,Estimator Intern,Lets Grow with Erajaya,2
6a7744f8-66e2-11ed-b864-9afb6f59ce88,E-tutorial Developer Intern,E-tutorial Procurement Process & e-Procurement ,2
2b2d138e-81bf-11ed-8c99-9aeeab388a33,Event Organizer & Broadcasting,Vocasia Internship Professional Edutech Program,5
bcc4f443-6cb4-11ed-98a6-964ca1abcf1b,Facilitator Reviewer Internship,Facilitator Reviewer Internship,1
392ca4f1-6f9a-11ed-9576-62d54cabf853,Facility Management System ,Great ISS Internship Program (GETS Program),3
d2300652-55a5-11ed-8e0a-3642855f7e03,Facility Planning & Development Intern,DYNAMIC SUSTAINABILITY PROGRAMS (OFFLINE INTERNSHIP),2
57132bbe-6bc8-11ed-acfa-feb214c74b66,Fasilitator Pendamping Access to Market (A2M) - BaLiKu,Fasilitator Pendamping Access to Market (A2M) di Remote Site (Pedesaan) ,10
129e25a1-6bc4-11ed-9526-12fe73fa6d13,Fasilitator Pendamping Access to Market (A2M) - Jawa Barat & Banten,Fasilitator Pendamping Access to Market (A2M) di Remote Site (Pedesaan) ,13
f02de9ed-6bc4-11ed-acfa-feb214c74b66,Fasilitator Pendamping Access to Market (A2M) - Jawa Tengah & Yogya,Fasilitator Pendamping Access to Market (A2M) di Remote Site (Pedesaan) ,15
f51eb862-6bc5-11ed-9b00-0278cb7f6574,Fasilitator Pendamping Access to Market (A2M) - Jawa Timur,Fasilitator Pendamping Access to Market (A2M) di Remote Site (Pedesaan) ,12
caaea5c4-6bc6-11ed-9b00-0278cb7f6574,Fasilitator Pendamping Access to Market (A2M) - Kalimantan,Fasilitator Pendamping Access to Market (A2M) di Remote Site (Pedesaan) ,5
92eccd7b-6bc7-11ed-9b00-0278cb7f6574,Fasilitator Pendamping Access to Market (A2M) - Sulawesi Selatan,Fasilitator Pendamping Access to Market (A2M) di Remote Site (Pedesaan) ,5
31f7225a-6bc3-11ed-9526-12fe73fa6d13,Fasilitator Pendamping Access to Market (A2M) - Sumatera Bagian Selatan,Fasilitator Pendamping Access to Market (A2M) di Remote Site (Pedesaan) ,15
4b92358f-6bc2-11ed-acfa-feb214c74b66,Fasilitator Pendamping Access to Market (A2M) - Sumatera bagian Tengah,Fasilitator Pendamping Access to Market (A2M) di Remote Site (Pedesaan) ,15
ad576212-6bbe-11ed-9b00-0278cb7f6574,Fasilitator Pendamping Access to Market (A2M)  - Sumatera Bagian Utara,Fasilitator Pendamping Access to Market (A2M) di Remote Site (Pedesaan) ,10
46019b3a-6bd0-11ed-acfa-feb214c74b66,Fasilitator Pendamping - BaLiKu,Fasilitator Pendamping Access to Knowledge (A2K) di Remote Site (Pedesaan),20
2ec9e283-6bcc-11ed-934e-964ca1abcf1b,Fasilitator Pendamping - Jawa Barat dan Banten,Fasilitator Pendamping Access to Knowledge (A2K) di Remote Site (Pedesaan),25
f916cd61-6bcc-11ed-acfa-feb214c74b66,Fasilitator Pendamping - Jawa Tengah dan Yogya,Fasilitator Pendamping Access to Knowledge (A2K) di Remote Site (Pedesaan),35
b1b51f3a-6bcd-11ed-9b00-0278cb7f6574,Fasilitator Pendamping - Jawa Timur,Fasilitator Pendamping Access to Knowledge (A2K) di Remote Site (Pedesaan),70
ae936783-6bce-11ed-9b00-0278cb7f6574,Fasilitator Pendamping - Kalimantan,Fasilitator Pendamping Access to Knowledge (A2K) di Remote Site (Pedesaan),30
76ee616f-6bcf-11ed-acfa-feb214c74b66,Fasilitator Pendamping - Sulawesi Selatan,Fasilitator Pendamping Access to Knowledge (A2K) di Remote Site (Pedesaan),20
63949ea5-6bcb-11ed-934e-964ca1abcf1b,Fasilitator Pendamping - Sumatera Bagian Selatan ,Fasilitator Pendamping Access to Knowledge (A2K) di Remote Site (Pedesaan),35
9710a35a-6bca-11ed-9b00-0278cb7f6574,Fasilitator Pendamping - Sumatera Bagian Tengah,Fasilitator Pendamping Access to Knowledge (A2K) di Remote Site (Pedesaan),105
b90d632d-6bc9-11ed-acfa-feb214c74b66,Fasilitator Pendamping - Sumatera Bagian Utara,Fasilitator Pendamping Access to Knowledge (A2K) di Remote Site (Pedesaan),60
55b12090-658a-11ed-9e59-0e61737a49bc,FATB Supervisor,Learning Management di Site Pertambangan Batubara,6
94984206-60d5-11ed-aaab-4a119f027d25,Fieldman - Makassar,ASTERIEX IV : First Journey to Become ASSA SPEED Racers!,1
1440ecc8-6189-11ed-9380-320b4c7afbe7,Finance & Accounting Officer - Autopedia (Jakarta),ASTERIEX IV : First Journey to Become ASSA SPEED Racers!,1
68bc8e10-604d-11ed-b3af-8a7c8006de3f,"Finance, Accounting, & Tax (FAT) Intern",Zenius Professionals Practice Program Angkatan 4,2
9f8602bc-6a48-11ed-98e1-a2c3ec1c6e84,Finance and Administration Assistant,Planter Development Program,15
2b46961b-55ac-11ed-adef-fa00dd4e79e4,Finance Intern,DYNAMIC SUSTAINABILITY PROGRAMS (OFFLINE INTERNSHIP),2
b33ca994-6c99-11ed-9738-0278cb7f6574,Finance Planning & Analysis,Great ISS Internship Program (GETS Program),2
3fbe5bb4-6c69-11ed-934e-964ca1abcf1b,FINANCE TAX,Rekonsiliasi data PPN,1
e751c12a-6a3c-11ed-aad2-c63f61abb566,Financial Control Officer,Officer Development Program,4
4672a772-60de-11ed-9958-e6768c594c9c,Fleet Officer - JBA (Jakarta),ASTERIEX IV : First Journey to Become ASSA SPEED Racers!,1
dd8bf97a-566b-11ed-b186-36a705b63a4f,Flutter Developer Intern,"NITA, NISA, dan Digi Parking Mobile Apps. Development",3
30612c53-6c77-11ed-9b00-0278cb7f6574,FRANCHISE FINANCE,Otomatisasi Inputan Finance,1
fb91c5ab-6c91-11ed-8fcc-563600033649,FRANCHISE PARTNERSHIP,Optimalisasi Progres Toko GO Kemitraan,4
71542533-6c8f-11ed-9738-0278cb7f6574,FRANCHISE RELATION,Optimalisasi Penambahan Franchisee,2
2d63cf30-697c-11ed-96d2-ca8d597a923b,Franchise Relations Intern ,Indomaret Group Intern Program  (Batch 4) ,10
e1684392-706a-11ed-8312-feb214c74b66,Frontend Developer,Vocasia Internship Professional Edutech Program,5
75ee054b-6ff9-11ed-83e6-668d7502ff5d,FrontEnd Developer, Project-Based Learning Internship Bangbeli,2
5040ebc5-705b-11ed-83fd-7e8ddab09462,Fullstack Developer ,Smart Cities & Smart enterprises: Co-Creation Solution & Innovation Development Internship Programs ,6
752a66ba-5669-11ed-b186-36a705b63a4f,Fullstack Developer Intern,"NITA, NISA, dan Digi Parking Mobile Apps. Development",3
b2e19e3f-6f98-11ed-8b84-22d0c8df9d48,Fungsional Riset dan Pengembangan Grup Penanganan dan Kerjasama APU PPT,Grup Penanganan APU PPT,1
53fb91bf-6fda-11ed-b6f6-62d54cabf853,General Affair Intern,Belajar Birdsama Bluebird,5
27c4b63d-60d4-11ed-aaab-4a119f027d25,General Affair Officer - Jakarta (Head Office),ASTERIEX IV : First Journey to Become ASSA SPEED Racers!,1
e163e1e4-6a3f-11ed-9797-7a198d98cc8b,Geographic Information System (GIS) Development Officer,Officer Development Program,4
94ea340d-55c6-11ed-a443-0a3963f6cf56,GIS & Hydraulic Network Simulation Operator,Efisiensi & Optimasi dalam Pengelolaan Perusahaan Pelayanan Air Bersih,2
941ce4bc-543d-11ed-9954-8e5ae7ce8135,GIS Impelementation Intern,Pemetaan Aset Tol menggunakan GIS,1
612fb79b-6f95-11ed-ab38-feb214c74b66,Golang Engineer,Belajar Birdsama Bluebird,13
9e8b0dcf-6ca1-11ed-8441-22d0c8df9d48,Google Sites Development Specialist, GOOGLE SITES DEVELOPMENT,2
3b19eb4f-5fff-11ed-b7c7-aaf123262558,Government Relations Intern,Zenius Professionals Practice Program Angkatan 4,3
88ef4e57-5a7d-11ed-a233-7a77835150ba,Graphic Designer,[MMN-JTSE] Pengembangan Bisnis Perusahaan melalui Optimalisasi Sumber Daya dan Analisa Peluang Improvement,1
01696876-6fe3-11ed-ab38-feb214c74b66,Graphic Designer,Improving Performance Skill Through Project Management,10
de3dadfc-81bc-11ed-b579-e28bf6b6d14d,Graphic Designer,Vocasia Internship Professional Edutech Program,2
050eb8d1-6ff3-11ed-83e6-668d7502ff5d,Graphic Designer, Project-Based Learning Internship Bangbeli,6
5bbedc0c-705e-11ed-9540-86f9589d528b,Graphic Designer ,Smart Cities & Smart enterprises: Co-Creation Solution & Innovation Development Internship Programs ,8
fd4abb4a-6547-11ed-8642-0ec0e2c26b07,Graphic Designer Intern,Lets Grow with Erajaya,7
b0bbaf71-64e0-11ed-aa64-3e2209ea9924,Graphic Designer Intern, Orbit 4 Indonesia Internship Program,5
250630cb-6b0e-11ed-8147-a2c3ec1c6e84,Graphic Designer & Video Editor,Officer Development Program,3
07d4cd32-601a-11ed-b7c7-aaf123262558,Graphic Design Intern,Zenius Professionals Practice Program Angkatan 4,5
42a09f9a-8c26-11ed-9e9a-62db5b15d3c3,Growth Ops Intern,Zenius Professionals Practice Program Angkatan 4,1
5bcb17e1-55ac-11ed-9b1f-3642855f7e03,GSMA API Intern,DYNAMIC SUSTAINABILITY PROGRAMS (OFFLINE INTERNSHIP),1
8c196c95-5501-11ed-b209-b250481d78c3,Hacking Detection Intern,DYNAMIC SUSTAINABILITY PROGRAMS (OFFLINE INTERNSHIP),2
5d72b526-55aa-11ed-b209-b250481d78c3,HC Digitalization & Resource Management Intern,DYNAMIC SUSTAINABILITY PROGRAMS (OFFLINE INTERNSHIP),2
3ffe1a02-6fa0-11ed-9576-62d54cabf853,"Health, Safety, and Environment (HSE)",Great ISS Internship Program (GETS Program),4
249db3cf-6a49-11ed-931a-a6bfdab34a31,Heavy Equipment & Transportation Assistant,Planter Development Program,10
0986561d-55af-11ed-9b1f-3642855f7e03,Helpdesk & Quality Assurance Intern,DYNAMIC SUSTAINABILITY PROGRAMS (OFFLINE INTERNSHIP),1
700541ce-602a-11ed-bb63-2e0edbdc1ce0,History Subject Research Intern,Zenius Professionals Practice Program Angkatan 4,1
0fee2703-55a3-11ed-a8a3-d299d3302380,Home Business Operation Intern,DYNAMIC SUSTAINABILITY PROGRAMS (OFFLINE INTERNSHIP),5
1acb9e86-55a4-11ed-a8a3-d299d3302380,Home Deployment Intern,DYNAMIC SUSTAINABILITY PROGRAMS (OFFLINE INTERNSHIP),3
1d2f2c34-55ab-11ed-adef-fa00dd4e79e4,Home Marketing Intern,DYNAMIC SUSTAINABILITY PROGRAMS (OFFLINE INTERNSHIP),3
7ed42732-6caa-11ed-8441-22d0c8df9d48,HR Administrator,ARCHIVE MANAGEMENT OF EMPLOYMENT,2
7663b907-6589-11ed-9da9-9afb6f59ce88,HRGA Supervisor ,Learning Management di Site Pertambangan Batubara,6
18d83918-6a28-11ed-8014-f69d568c6c8e,HR-General Affair Officer,PAN 8 Sragen Internship Program (PSIP),3
00561939-6fef-11ed-ab38-feb214c74b66,HR Generalist,Improving Performance Skill Through Project Management,10
f309a577-6fd9-11ed-b6f6-62d54cabf853,HR Pengemudi Intern,Belajar Birdsama Bluebird,5
198a2d45-7a0d-11ed-a6c1-2615bc75a6a3,HR People Development,PAN 8 Sragen Internship Program (PSIP),4
6aab6727-665b-11ed-9ad9-5a2f049e0a05,HR Project Intern,Learning Gamification,4
d31a68ff-7a13-11ed-a6c1-2615bc75a6a3,HR Recruitment and Selection,PAN 8 Sragen Internship Program (PSIP),2
bfd410d2-74c6-11ed-b73d-f24ca90833fc,HR Specialist,Huawei Roll Out & Manage Service Internship,4
b20e9ec6-6a26-11ed-8ebe-a6bfdab34a31,HR Technology Officer,PAN 8 Sragen Internship Program (PSIP),3
12bf15f7-6172-11ed-9958-e6768c594c9c,HR Training Coordinator,Apprenticeship AEON Retail BSD Branch,10
8bf923da-619a-11ed-b3d1-4eaca8c1bf53,HR Training Coordinator,Apprenticeship AEON Retail Sentul Branch,3
202348c1-6193-11ed-aaab-4a119f027d25,HR Training Coordinator,Apprenticeship AEON Retail Jakarta Garden City Branch,3
7a41d68d-61a3-11ed-b3d1-4eaca8c1bf53,HR Training Coordinator,Apprenticeship AEON Retail Tanjung Barat Branch,3
bbff1a82-55ae-11ed-9b1f-3642855f7e03,HSE Intern,DYNAMIC SUSTAINABILITY PROGRAMS (OFFLINE INTERNSHIP),1
3374387f-654c-11ed-8642-0ec0e2c26b07,HTML Designer Intern,Lets Grow with Erajaya,1
593d8bd3-6a42-11ed-aad2-c63f61abb566,Human Capital Intern ,Indomaret Group Intern Program  (Batch 4) ,10
8580a3c8-60b4-11ed-aaab-4a119f027d25,Human Capital â€“ People & Organizational Development Analyst - Jakarta (Head Office),ASTERIEX IV : First Journey to Become ASSA SPEED Racers!,1
6d188ede-616d-11ed-aaab-4a119f027d25,Human Capital  - Training & Development - Jakarta (Head Office),ASTERIEX IV : First Journey to Become ASSA SPEED Racers!,2
d11505cf-6fbd-11ed-b6f6-62d54cabf853,Human Resource Management,Petrokimia Undergraduate Apprenticeship Program Cycle 4,3
1c97e813-569c-11ed-a8eb-9a9247092b05,Human Resources,"Digital Talent for TikTok Content Creation, Live Streaming Shop, and Learning Development - Hakka Indonesia",3
f0231d8b-6acc-11ed-a781-f69d568c6c8e,Human Resources Business Partner,Officer Development Program,1
493b9961-543f-11ed-9954-8e5ae7ce8135,Human Resources Intern,Nusantara All Division ,3
c5ff27c7-642b-11ed-a83c-3a4baf24a13a,Illustrator Intern,Zenius Professionals Practice Program Angkatan 4,2
edee2053-7063-11ed-83e6-668d7502ff5d,Ilustrator,Smart Cities & Smart enterprises: Co-Creation Solution & Innovation Development Internship Programs ,4
c35a36eb-6974-11ed-b4f9-023305eb73ef,Industrial Engineering,PAN 8 Sragen Internship Program (PSIP),8
b4a9f475-6fb0-11ed-83fd-7e8ddab09462,Informatics Intern,Petrokimia Undergraduate Apprenticeship Program Cycle 4,5
1af90686-6fba-11ed-ab38-feb214c74b66,Information Management System Intern,Petrokimia Undergraduate Apprenticeship Program Cycle 4,3
8eb6a0e4-6fa1-11ed-8b84-22d0c8df9d48,Information Technology,Great ISS Internship Program (GETS Program),4
da5e675b-6981-11ed-8ebe-a6bfdab34a31,Information Technology Intern,Indomaret Group Intern Program  (Batch 4) ,10
3e7e7191-6bc9-11ed-acfa-feb214c74b66,Infrastructure & Network Engineering Officer,Officer Development Program,2
d3a0443f-6fa2-11ed-83fd-7e8ddab09462,Instumentation Intern,Petrokimia Undergraduate Apprenticeship Program Cycle 4,3
9ad413fa-6720-11ed-98f0-d6bd1ff96cc1,Integration Developer,Basic Banking Services - IT  Service Integration Design and Delivery,3
2d23f515-5440-11ed-9954-8e5ae7ce8135,Internal Audit Intern,Nusantara All Division ,2
2cf99feb-60c3-11ed-9958-e6768c594c9c,Internal Audit - Jakarta (Head Office),ASTERIEX IV : First Journey to Become ASSA SPEED Racers!,4
36557798-6ecf-11ed-818c-feb214c74b66,Internal Communication - Intern,Belajar Birdsama Bluebird,1
b997104f-6546-11ed-8642-0ec0e2c26b07,Intern Assessor,Lets Grow with Erajaya,1
f1d28842-6548-11ed-8642-0ec0e2c26b07,Intern Creative Design ,Lets Grow with Erajaya,1
8739d3a1-647e-11ed-b5cc-0a223dcf0f66,Intern HC Business Partner,Lets Grow with Erajaya,3
0b9538f3-647f-11ed-b5cc-0a223dcf0f66,Intern HC Database,Lets Grow with Erajaya,2
77fcda73-6548-11ed-8642-0ec0e2c26b07,Intern HC Database (ATS Project) ,Lets Grow with Erajaya,1
55906a3a-68b7-11ed-ba6b-9afb6f59ce88,Intern Support Staff,Lets Grow with Erajaya,13
1d7e5b5d-6547-11ed-8642-0ec0e2c26b07,Intern Talent Management,Lets Grow with Erajaya,1
77fecff1-6547-11ed-8642-0ec0e2c26b07,Intern Talent Sourcing,Lets Grow with Erajaya,3
252e6cfa-55a5-11ed-adef-fa00dd4e79e4,IoT & Big Data Product Intern,DYNAMIC SUSTAINABILITY PROGRAMS (OFFLINE INTERNSHIP),3
1c9c4540-5994-11ed-b671-9a11a71e1f1e,IT  Application Officer  ,Learning Management di Head Office,5
f42bf00d-5e83-11ed-b6f7-5eff1ddf5f5b,IT Application Officer for HR Project,Learning Management di Head Office,5
1ca933a6-6b26-11ed-8225-d61b0e2692e7,IT Developer,Developer IT di BTPN Syariah,8
16599424-616e-11ed-aaab-4a119f027d25,IT  Digital Business - Autopedia (Jakarta),ASTERIEX IV : First Journey to Become ASSA SPEED Racers!,2
bfd77d50-543e-11ed-a443-0a3963f6cf56,IT Engineer,Analisa & Optimalisasi Pola Operasi & Maintenance Pembangkit Listrik Tenaga Air,1
6d128598-6b1e-11ed-a22e-c63f61abb566,IT Front End  Android & Web Developer,IT Front End Android & Web Developer for Aksesmu,2
398b6377-54e1-11ed-a8a3-d299d3302380,IT Infrastructure Intern,DYNAMIC SUSTAINABILITY PROGRAMS (OFFLINE INTERNSHIP),4
48d1479e-55c0-11ed-adef-fa00dd4e79e4,IT Intern,Akselerasi Proses Digitalisasi Layanan Customer di Jalan Tol,3
694e0ad6-704e-11ed-a7a1-0278cb7f6574,IT Intern,BNI Digitalisasi Credit Operations,2
1e60de07-6f97-11ed-a7a1-0278cb7f6574,IT Product Manager,Belajar Birdsama Bluebird,2
4a01fc20-6c71-11ed-8441-22d0c8df9d48,IT PROJECT BACK END AKSESMU,Enhancement Project Aksesmu (Back-End),3
97c4c166-60be-11ed-9958-e6768c594c9c,IT Solution Developer - Jakarta (Head Office),ASTERIEX IV : First Journey to Become ASSA SPEED Racers!,1
aec06260-705d-11ed-b6f6-62d54cabf853,Junior Analyst,Smart Cities & Smart enterprises: Co-Creation Solution & Innovation Development Internship Programs ,10
0fd63416-7067-11ed-a7a1-0278cb7f6574,Jurnalis,Smart Cities & Smart enterprises: Co-Creation Solution & Innovation Development Internship Programs ,4
9346e95b-6c67-11ed-8fcc-563600033649,Knowledge Management Specialist,KNOWLEDGE MANAGEMENT SYSTEM DEVELOPMENT,4
a106b57c-6c95-11ed-8441-22d0c8df9d48,KNOWLEDGE MANAGEMENT SPECIALIST,Optimize Knowledge Management Function & Measurement,3
c2d3416a-6c6d-11ed-8441-22d0c8df9d48,Lawson Fix Asset Specialist,LAWSON FIX ASSET DEVELOPMENT,2
8e62eb83-6c6b-11ed-8441-22d0c8df9d48,Lawson Learning Design Specialist,LAWSON DIGITAL LEARNING DEVELOPMENT,2
03990354-6c6a-11ed-9b00-0278cb7f6574,Lawson Recruitment & Selection Specialist,LAWSON RECRUITMENT BUSINESS PROCESS DEVELOPMENT,6
0b3765ce-64e3-11ed-8ebb-320b4c7afbe7,Lead Generations Intern for Orbit Global Alliances, Orbit 4 Indonesia Internship Program,2
1bf78908-64e1-11ed-8ebb-320b4c7afbe7,Lead Generations Intern for Orbit Jobs, Orbit 4 Indonesia Internship Program,2
d49d032d-5349-11ed-8a48-0ac884c1cee7,Learning & Culture Development Intern,DYNAMIC SUSTAINABILITY PROGRAMS (OFFLINE INTERNSHIP),2
9cf52f79-6c90-11ed-9738-0278cb7f6574,Learning Dan+Dan,Optimalisasi Program Pembelajaran E-Learning Dan+Dan,1
8693ea72-569d-11ed-a8eb-9a9247092b05,Learning dan Development,"Digital Talent for TikTok Content Creation, Live Streaming Shop, and Learning Development - Hakka Indonesia",8
369b9c96-6ca2-11ed-934e-964ca1abcf1b,LEARNING DESIGN,Pembuatan Media Informasi & Media Pembelajaran,3
22ed5177-6bcb-11ed-934e-964ca1abcf1b,Learning Design Specialist,DIGITAL LEARNING DEVELOPMENT,3
95d804d5-6bcc-11ed-934e-964ca1abcf1b,Learning Design Specialist,PENGEMBANGAN MODUL PEMBELAJARAN,4
3dad4731-6f96-11ed-8b84-22d0c8df9d48,Learning & Development,Great ISS Internship Program (GETS Program),3
a3845356-6af9-11ed-8225-d61b0e2692e7,Learning & Development Officer,Officer Development Program,3
a8d3be05-6a3a-11ed-aad2-c63f61abb566,Learning & Development Project Intern,Learning & Development Project,4
8394a0db-6ca5-11ed-9738-0278cb7f6574,LEARNING OPERATION,Standardisasi Pengelolaan Learning Center Alfamart,33
2f9af15b-6ba9-11ed-8225-d61b0e2692e7,Learning Operation Specialist,OPTIMALISASI LEARNING & DEVELOPMENT,14
455a902c-6af8-11ed-a22e-c63f61abb566,Learning Operation Specialist,PENGEMBANGAN VOKASI ALFA CLASS,2
efc2b2b5-6c6e-11ed-9b00-0278cb7f6574,Learning Operation Specialist,LAWSON OPTIMALISASI LEARNING & DEVELOPMENT,2
009110d8-6b27-11ed-98f2-a6bfdab34a31,Learning Specialist,Learning Specialist for Business Learning,5
82439503-6f9c-11ed-8b84-22d0c8df9d48,Legal,Great ISS Internship Program (GETS Program),2
540a80a8-601f-11ed-b4b5-baaa6764964c,Legal Intern,Zenius Professionals Practice Program Angkatan 4,1
95499347-543e-11ed-a443-0a3963f6cf56,Legal Intern,Nusantara All Division ,2
104207b6-6042-11ed-b4b5-baaa6764964c,Live Ops Intern,Zenius Professionals Practice Program Angkatan 4,3
3578fe98-569e-11ed-a8eb-9a9247092b05,Live Streamer Host,"Digital Talent for TikTok Content Creation, Live Streaming Shop, and Learning Development - Hakka Indonesia",22
d7d0deea-569e-11ed-92ba-cac009710b2f,Live Streamer Operation,"Digital Talent for TikTok Content Creation, Live Streaming Shop, and Learning Development - Hakka Indonesia",22
8e246030-6ecd-11ed-9161-22d0c8df9d48,Logistic Analyst,Belajar Birdsama Bluebird,1
d2e344e3-6c8e-11ed-8441-22d0c8df9d48,LOGISTIC DATA ANALTYC,Optimalisasi Service Level & Out of Stock (OOS),64
5c73afcf-647a-11ed-8ebb-320b4c7afbe7,Machinery Engineer,"Aktifitas 2- Evaluasi Strategi Penurunan Emisi dalam Proses Produksi Methanol dengan memanfaatkan renewable energy dan optimasi permesinan, untuk mendukung target Net Zero Emission pada tahun 2060",2
abdea47a-63bc-11ed-87e2-3e2209ea9924,Machinery Engineer,Aktifitas 1- Evaluasi Strategi Efisiensi Sumber Daya dalam Proses Produksi Methanol untuk mencapai PROPER Emas PT. KMI pada tahun 2023.,2
0924b5f1-6f28-11ed-9cff-0278cb7f6574,Magang Publikasi Literasi,Magang Pengembang Publikasi Karya Literasi,12
80aa2131-6bd4-11ed-acfa-feb214c74b66,Maintenance Controller,Implementasi dan pengembangan dalam Objective and Key Results,2
9171565b-6c78-11ed-934e-964ca1abcf1b,MANAGEMENT INFORMATION SPECIALIST,Human Capital System Analyst,2
c8f76a9f-6a40-11ed-931a-a6bfdab34a31,Marcomm Employer Branding Marketing Sustainable Campaign and Brand Evangelist Intern,"Employer Branding, Sustainable Campaign and Brand Evangelist",3
fb7145e1-6ed0-11ed-9161-22d0c8df9d48,Marketing Analytic and Insight - Intern,Belajar Birdsama Bluebird,1
3085a08d-858f-11ed-800f-de2ee9baf231,Marketing Communication  Intern,DYNAMIC SUSTAINABILITY PROGRAMS (OFFLINE INTERNSHIP),1
03bca350-60d8-11ed-aaab-4a119f027d25,Marketing Communication - JBA (Jakarta),ASTERIEX IV : First Journey to Become ASSA SPEED Racers!,1
ceeb7b7e-6c9c-11ed-9c3c-feb214c74b66,Marketing Data Analys,Marketing Data Analytic,2
5e1aea41-6ca6-11ed-8fcc-563600033649,MARKETING DEVELOPMENT AKSESMU,Optimize Aksesmu Marketing Strategy,4
33e0c448-6981-11ed-8014-f69d568c6c8e,Marketing  Digital & Media Communication Intern,Indomaret Group Intern Program  (Batch 4) ,10
61027da9-599d-11ed-b1fc-7a77835150ba,Marketing Graphic Designer Staff,Learning Management di Head Office,5
3ad12efb-5443-11ed-9954-8e5ae7ce8135,Marketing (Makassar),[MMN-JTSE] Pengembangan Bisnis Perusahaan melalui Optimalisasi Sumber Daya dan Analisa Peluang Improvement,1
41fcd19f-6bc9-11ed-acfa-feb214c74b66,Marketing Research Development Specialist,MARKETING RESEARCH DEVELOPMENT,2
c71e9bed-5502-11ed-b209-b250481d78c3,Mass Market Commercial Intern,DYNAMIC SUSTAINABILITY PROGRAMS (OFFLINE INTERNSHIP),2
dd11887b-55a2-11ed-a443-0a3963f6cf56,Mass Segment - A/B testing Intern,DYNAMIC SUSTAINABILITY PROGRAMS (OFFLINE INTERNSHIP),1
3882c0dd-55a2-11ed-a8a3-d299d3302380,Mass Segment - Creative Development Intern,DYNAMIC SUSTAINABILITY PROGRAMS (OFFLINE INTERNSHIP),1
9a46f955-55a2-11ed-8e0a-3642855f7e03,Mass Segment - Device Intern,DYNAMIC SUSTAINABILITY PROGRAMS (OFFLINE INTERNSHIP),1
6b0d2873-55a2-11ed-adef-fa00dd4e79e4,Mass Segment - Digital Content Growth Intern,DYNAMIC SUSTAINABILITY PROGRAMS (OFFLINE INTERNSHIP),1
fa1bdc54-55a1-11ed-b209-b250481d78c3,Mass Segment - Media Content Management Intern,DYNAMIC SUSTAINABILITY PROGRAMS (OFFLINE INTERNSHIP),1
8831154c-55a1-11ed-a443-0a3963f6cf56,Mass Segment - Media Intern,DYNAMIC SUSTAINABILITY PROGRAMS (OFFLINE INTERNSHIP),1
4346fbbc-6045-11ed-b3af-8a7c8006de3f,Mathematics Specialist Intern,Zenius Professionals Practice Program Angkatan 4,1
7b7e6805-649f-11ed-bf50-124073a7b39a,Mathematics Subject Research Intern,Zenius Professionals Practice Program Angkatan 4,9
16753215-55c4-11ed-b209-b250481d78c3,Mechanical & Electrical ,Efisiensi & Optimasi dalam Pengelolaan Perusahaan Pelayanan Air Bersih,2
59fbb102-63ba-11ed-8ebb-320b4c7afbe7,Mechanical Engineer,Aktifitas 1- Evaluasi Strategi Efisiensi Sumber Daya dalam Proses Produksi Methanol untuk mencapai PROPER Emas PT. KMI pada tahun 2023.,2
329c1c48-6473-11ed-803d-3e2209ea9924,Mechanical Engineer,"Aktifitas 2- Evaluasi Strategi Penurunan Emisi dalam Proses Produksi Methanol dengan memanfaatkan renewable energy dan optimasi permesinan, untuk mendukung target Net Zero Emission pada tahun 2060",2
375e204a-6fa2-11ed-ab38-feb214c74b66,Mechanical Intern,Petrokimia Undergraduate Apprenticeship Program Cycle 4,6
5b572744-6979-11ed-a94f-be5cff234d68,Mechanic Officer ,PAN 8 Sragen Internship Program (PSIP),16
25d6aca8-6b15-11ed-8147-a2c3ec1c6e84,Mechanization Analyst Assistant,Planter Development Program,4
190c24ec-6b10-11ed-8147-a2c3ec1c6e84,Mechanization Data Analyst,Officer Development Program,2
310776c0-7505-11ed-b175-b2d858cc7bd2,Metaverse Developer Intern,BNI Digital Talent Thematic Internship,12
09cf8dcf-7506-11ed-b175-b2d858cc7bd2,Microfrontend Developer Intern,BNI Digital Talent Thematic Internship,10
c5b4d903-6b08-11ed-a22e-c63f61abb566,Mill Data Analysis Officer,Officer Development Program,2
d853b23e-6a47-11ed-a781-f69d568c6c8e,Mill Engineering Assistant,Planter Development Program,15
32d854c1-6b0a-11ed-98f2-a6bfdab34a31,Mill Production & Performance Engineer,Officer Development Program,2
f9974e7c-619b-11ed-b3d1-4eaca8c1bf53,MMD ( Merchandise Management Division),Apprenticeship AEON Retail Sentul Branch,2
4acd5b64-6179-11ed-988f-e6768c594c9c,MMD (Merchandise Management Division),Apprenticeship AEON Retail BSD Branch,2
6a05145c-6196-11ed-aaab-4a119f027d25,MMD (Merchandise Management Division),Apprenticeship AEON Retail Jakarta Garden City Branch,2
085b96db-61a6-11ed-988f-e6768c594c9c,MMD (Merchandise Management Division),Apprenticeship AEON Retail Tanjung Barat Branch,2
558d0747-705c-11ed-a7a1-0278cb7f6574,Mobile Developer ,Smart Cities & Smart enterprises: Co-Creation Solution & Innovation Development Internship Programs ,4
b09d4e85-858e-11ed-a5b3-36fb96982c30,Modern Channel Digital Intern,DYNAMIC SUSTAINABILITY PROGRAMS (OFFLINE INTERNSHIP),1
30ef6f70-6581-11ed-9e59-0e61737a49bc,Motion Graphic Intern,Zenius Professionals Practice Program Angkatan 4,1
e1739fd5-55a9-11ed-adef-fa00dd4e79e4,Multimedia Officer,Learning Management di Head Office,8
a8c29fc2-55a0-11ed-a443-0a3963f6cf56,Network Planning Intern,DYNAMIC SUSTAINABILITY PROGRAMS (OFFLINE INTERNSHIP),2
257e38dc-5502-11ed-b209-b250481d78c3,New Ventures & Technology Incubation Intern (IoT/AI/5G Product),DYNAMIC SUSTAINABILITY PROGRAMS (OFFLINE INTERNSHIP),13
22e3b932-66de-11ed-bbef-2e218cacb4ef,Non-core Technology Analyst Intern,Communication Request Dashboard,2
d3868ee1-55aa-11ed-9b1f-3642855f7e03,Omnichannel Management Intern,DYNAMIC SUSTAINABILITY PROGRAMS (OFFLINE INTERNSHIP),4
785e83c3-6f9a-11ed-ab38-feb214c74b66,Operational - Intern,Belajar Birdsama Bluebird,2
89df01a4-616b-11ed-aaab-4a119f027d25,Operation Development CAP (Caroline Purchase) -  Autopedia (Jakarta),ASTERIEX IV : First Journey to Become ASSA SPEED Racers!,1
f9b40880-616a-11ed-b3d1-4eaca8c1bf53,Operation Development CAS (Caroline Selection) - Autopedia (Jakarta),ASTERIEX IV : First Journey to Become ASSA SPEED Racers!,1
c3385cc1-6b08-11ed-8225-d61b0e2692e7,Operation & IT Management Office Officer,"Pengukuhan metode pengukuran productivity pada unit kerja Proofing, Rekonsiliasi dan Custody Operations",4
ae3fe61a-55c1-11ed-a8a3-d299d3302380,Operation & Proses Analyst,Efisiensi & Optimasi dalam Pengelolaan Perusahaan Pelayanan Air Bersih,2
d7c305fe-6197-11ed-a376-0e835ac0e5ce,Operation Ratail,Apprenticeship AEON Retail Sentul Branch,12
bf159360-616d-11ed-a376-0e835ac0e5ce,Operation Retail,Apprenticeship AEON Retail BSD Branch,8
a909a65e-616d-11ed-9380-320b4c7afbe7,Operation Retail,Apprenticeship AEON Retail Jakarta Garden City Branch,12
258cb44a-619f-11ed-988f-e6768c594c9c,Operation Retail,Apprenticeship AEON Retail Tanjung Barat Branch,8
1d03e22a-6fb1-11ed-83fd-7e8ddab09462,Organization & Development  Intern,Belajar Birdsama Bluebird,2
0d75abf7-6a44-11ed-aad2-c63f61abb566,Organization Development Officer,Officer Development Program,3
956071e2-55c6-11ed-adef-fa00dd4e79e4,Organization Development Officer,Learning Management di Head Office,3
165dd15f-6c99-11ed-9738-0278cb7f6574,ORGANIZATION DEVELOPMENT SPECIALIST,Performance Management & Data Analyst,1
d3db5ea6-81b9-11ed-838e-727c8458646b,Partnership,Vocasia Internship Professional Edutech Program,10
5f9df4f6-6ad0-11ed-931a-a6bfdab34a31,Partnership Administration Officer,Officer Development Program,2
2da1b84e-6fb5-11ed-ab38-feb214c74b66,Partnership and Marketing,Improving Performance Skill Through Project Management,10
8997196d-604c-11ed-b3af-8a7c8006de3f,Partnership Intern,Zenius Professionals Practice Program Angkatan 4,2
9493f4f6-64e3-11ed-b74d-2af064b3727d,Partnership Intern, Orbit 4 Indonesia Internship Program,5
8d67430d-618d-11ed-9380-320b4c7afbe7,Partnership Officer - Autopedia (Jakarta),ASTERIEX IV : First Journey to Become ASSA SPEED Racers!,1
9873a407-55aa-11ed-b209-b250481d78c3,Partnership & Reseller Channel Management Intern,DYNAMIC SUSTAINABILITY PROGRAMS (OFFLINE INTERNSHIP),2
e264a4aa-6f22-11ed-8b84-22d0c8df9d48,Pendampingan Literasi Berbasis Proyek Bercerita/Storytelling,Magang Pendamping Klub Literasi Sekolah,16
ac0d9c6a-655a-11ed-86a5-72953e81fc60,Pendamping Kewirausahaan,Magang Bersertifikat Pendampingan Koperasi dan Pelaku Usaha DIY,10
6d387df9-6559-11ed-840e-9a7ed5513e9d,Pendamping Koperasi,Magang Bersertifikat Pendampingan Koperasi dan Pelaku Usaha DIY,10
440bc874-6f02-11ed-9576-62d54cabf853,Pendamping Literasi Berbasis Proyek Cerita Pendek,Magang Pendamping Klub Literasi Sekolah,16
ef2fa4c0-6f1e-11ed-ab38-feb214c74b66,Pendamping Literasi Berbasis Proyek Jurnalistik,Magang Pendamping Klub Literasi Sekolah,16
228a04c1-656b-11ed-9e59-0e61737a49bc,Pendamping Pemasaran Produk di Teras Malioboro ,Magang Bersertifikat Pendampingan Koperasi dan Pelaku Usaha DIY,10
2a41a139-656a-11ed-ac0b-96cc8f5beea7,Pendamping Pembiayaan KUMKM,Magang Bersertifikat Pendampingan Koperasi dan Pelaku Usaha DIY,10
e13805d9-6557-11ed-8642-0ec0e2c26b07,Pendamping UMKM,Magang Bersertifikat Pendampingan Koperasi dan Pelaku Usaha DIY,10
f7ce63f2-6fde-11ed-b6f6-62d54cabf853,Pengelola Biodiversitas Tropis,Manajemen Biodiversitas Tropis,15
d9cf43e9-70a5-11ed-83e6-668d7502ff5d,Pengelola dan pengolah data Satuan Pengawas Internal,Pembelajaran Tata Kelola dalam Fasilitasi Peningkatan Mutu Penyelenggaraan Pendidikan Tinggi,1
65a378ed-7097-11ed-83e6-668d7502ff5d,Pengelola dan pengolah data Sistem Informasi,Pembelajaran Tata Kelola dalam Fasilitasi Peningkatan Mutu Penyelenggaraan Pendidikan Tinggi,3
95439161-70b5-11ed-8312-feb214c74b66,Pengelola Hubungan Masyarakat (Humas),Pembelajaran Tata Kelola dalam Fasilitasi Peningkatan Mutu Penyelenggaraan Pendidikan Tinggi,4
07dc893c-70bc-11ed-8312-feb214c74b66,Pengelola Informasi Kerjasama (Liaison Officer),Pembelajaran Tata Kelola dalam Fasilitasi Peningkatan Mutu Penyelenggaraan Pendidikan Tinggi,24
c7919205-70b4-11ed-8312-feb214c74b66,Pengelola Kepegawaian,Pembelajaran Tata Kelola dalam Fasilitasi Peningkatan Mutu Penyelenggaraan Pendidikan Tinggi,2
f9106489-6fda-11ed-83fd-7e8ddab09462,Pengelola Laboratorium Kualitas Lingkungan,Pengelolaan Laboratorium Kualitas Lingkungan,15
0cdf204b-70af-11ed-9540-86f9589d528b,"Pengelola Perencanaan, Penganggaran, dan BMN",Pembelajaran Tata Kelola dalam Fasilitasi Peningkatan Mutu Penyelenggaraan Pendidikan Tinggi,5
feff409a-70b7-11ed-8312-feb214c74b66,Pengelola Perpustakaan,Pembelajaran Tata Kelola dalam Fasilitasi Peningkatan Mutu Penyelenggaraan Pendidikan Tinggi,2
2cfd9da5-70a9-11ed-aa1c-260399e19f34,Pengolah Data Akademik,Pembelajaran Tata Kelola dalam Fasilitasi Peningkatan Mutu Penyelenggaraan Pendidikan Tinggi,3
9f016741-70ab-11ed-9540-86f9589d528b,Pengolah Data Kemahasiswaan,Pembelajaran Tata Kelola dalam Fasilitasi Peningkatan Mutu Penyelenggaraan Pendidikan Tinggi,3
135f42d4-70ba-11ed-9540-86f9589d528b,Pengolah Data Pendidik dan Tenaga Kependidikan,Pembelajaran Tata Kelola dalam Fasilitasi Peningkatan Mutu Penyelenggaraan Pendidikan Tinggi,4
1283d1c4-70a7-11ed-83e6-668d7502ff5d,Pengolah/Pengelola Data Perguruan Tinggi,Pembelajaran Tata Kelola dalam Fasilitasi Peningkatan Mutu Penyelenggaraan Pendidikan Tinggi,3
76ee290a-656c-11ed-9da9-9afb6f59ce88,Penyusun Pelayanan Dinas Koperasi dan UKM,Magang Bersertifikat Pendampingan Koperasi dan Pelaku Usaha DIY,10
a3fd70b4-6c9a-11ed-9738-0278cb7f6574,PEOPLE DEVELOPMENT AKSESMU,Optimalisasi People Development Process Aksesmu,3
e1d087dd-55a3-11ed-b209-b250481d78c3,People Development Officer,Learning Management di Head Office,3
54f0e736-6ff7-11ed-b6f6-62d54cabf853,People Management and Legal, Project-Based Learning Internship Bangbeli,4
49d09fca-7ac5-11ed-8368-2615bc75a6a3,Performance Analyst Intern,Service Performance Improvement Analysis,1
56da8ebd-6ba2-11ed-bc1d-0a6bc67b5294,Performance & Benefit Officer,Officer Development Program,3
67796cb8-6c9b-11ed-9738-0278cb7f6574,PERSONALIA,Optimalisasi HRIS,1
52c21570-6ba4-11ed-98f2-a6bfdab34a31,Personnel Operation Officer,Officer Development Program,3
55708e3b-64e0-11ed-bf50-124073a7b39a,Photographer Intern, Orbit 4 Indonesia Internship Program,1
5a19b9a8-63bb-11ed-87e2-3e2209ea9924,Piping Engineer ,Aktifitas 1- Evaluasi Strategi Efisiensi Sumber Daya dalam Proses Produksi Methanol untuk mencapai PROPER Emas PT. KMI pada tahun 2023.,2
5d195734-6474-11ed-a83c-3a4baf24a13a,Piping Engineer ,"Aktifitas 2- Evaluasi Strategi Penurunan Emisi dalam Proses Produksi Methanol dengan memanfaatkan renewable energy dan optimasi permesinan, untuk mendukung target Net Zero Emission pada tahun 2060",2
9141dcc1-6c88-11ed-9b00-0278cb7f6574,Planogram Specialist,Planogram Space Development,2
bb38597e-6581-11ed-9e59-0e61737a49bc,Plant Supervisor ,Learning Management di Site Pertambangan Batubara,9
8eb09dec-6ece-11ed-bf70-1a3c7b136927,PMO Specialist,Belajar Birdsama Bluebird,1
8365d1eb-64b5-11ed-803d-3e2209ea9924,Potensi Kognitif Subject Research Intern,Zenius Professionals Practice Program Angkatan 4,1
8b256202-6fe0-11ed-ab38-feb214c74b66,Praktisi Pertanian Perkotaan Berkelanjutan,Pertanian Perkotaan Berkelanjutan,15
75d88cf7-6fdd-11ed-a7a1-0278cb7f6574,Praktisi Reklamasi Lahan Sub-Optimal,Pengelolaan dan Pemanfaatan Lahan Sub-Optimal di Wilayah Tropis,15
1ac4f134-6fec-11ed-b6f6-62d54cabf853,Pre-Service School Counselor,Improving Performance Skill Through Project Management,10
8d6b0626-6fea-11ed-ab38-feb214c74b66,Pre-Service Teacher,Improving Performance Skill Through Project Management,10
a3183b7f-63a7-11ed-b4f9-320b4c7afbe7,Process Engineer,Aktifitas 1- Evaluasi Strategi Efisiensi Sumber Daya dalam Proses Produksi Methanol untuk mencapai PROPER Emas PT. KMI pada tahun 2023.,6
36697ff0-63a9-11ed-a83c-3a4baf24a13a,Process Engineer,"Aktifitas 2- Evaluasi Strategi Penurunan Emisi dalam Proses Produksi Methanol dengan memanfaatkan renewable energy dan optimasi permesinan, untuk mendukung target Net Zero Emission pada tahun 2060",6
4489ccdf-6f88-11ed-83fd-7e8ddab09462, Process improvement team Staff Loan,Value and Culture Intern,1
ccc3bb0f-59aa-11ed-8fe2-4e701e464fd5,Procurement Officer,Learning Management di Head Office,5
c0cbe63c-6c8b-11ed-934e-964ca1abcf1b,PROCUREMENT SPECIALIST GLI,General Affair & Procurement Support,1
66629e8a-7064-11ed-83fd-7e8ddab09462,Producer,Smart Cities & Smart enterprises: Co-Creation Solution & Innovation Development Internship Programs ,2
6a5acb55-6c72-11ed-8441-22d0c8df9d48,"PRODUCT ANALYST, UI-UX & QA APPS",Enhance Aksesmu Platform,3
d2e54107-6ff9-11ed-b6f6-62d54cabf853,Product Development, Project-Based Learning Internship Bangbeli,2
326e1484-64e2-11ed-b5cc-0a223dcf0f66, Product Intern, Orbit 4 Indonesia Internship Program,2
0026fac5-6fa0-11ed-a7a1-0278cb7f6574,Production Intern,Petrokimia Undergraduate Apprenticeship Program Cycle 4,4
793da87d-6975-11ed-b4f9-023305eb73ef,Production Officer ,PAN 8 Sragen Internship Program (PSIP),8
dd771b9b-6978-11ed-b4f9-023305eb73ef,Production Plan Inventory Control ,PAN 8 Sragen Internship Program (PSIP),4
05099a50-6584-11ed-9e59-0e61737a49bc,Production Supervisor ,Learning Management di Site Pertambangan Batubara,9
1bcd97fe-6ece-11ed-9161-22d0c8df9d48,Product Specialist,Belajar Birdsama Bluebird,2
46236182-6ba9-11ed-8225-d61b0e2692e7,Program and Project monitoring and reporting,Project&Program Monitoring and Reporting for Customer Engagement & Project Implementation,1
e7599974-6fb6-11ed-ab38-feb214c74b66,Programmer,Improving Performance Skill Through Project Management,10
67af6299-6fc1-11ed-b6f6-62d54cabf853,Programmer Aplikasi SIP Perbankan,Grup Pengembangan Aplikasi Sistem Informasi,1
2e574a35-6bd4-11ed-934e-964ca1abcf1b,Project Administrator,Implementasi dan pengembangan dalam Objective and Key Results,2
8956fef3-5f0e-11ed-b3bb-e67cbc7f68ef,Project Assurance Intern,DYNAMIC SUSTAINABILITY PROGRAMS (OFFLINE INTERNSHIP),1
834c61f4-55ae-11ed-9b1f-3642855f7e03,Project & GTM Intern,DYNAMIC SUSTAINABILITY PROGRAMS (OFFLINE INTERNSHIP),1
056ea7f4-647e-11ed-b5cc-0a223dcf0f66,Project Intern,Lets Grow with Erajaya,7
9cb1676c-64de-11ed-aa64-3e2209ea9924,Project Management Intern, Orbit 4 Indonesia Internship Program,3
5c8bd988-6fe6-11ed-ab38-feb214c74b66,Project Officer,Improving Performance Skill Through Project Management,10
fa544caf-6c91-11ed-934e-964ca1abcf1b,PROJECT PLANNING AND DEVELOPMENT,Project Penetapan Design Toko,2
0d480f41-54e2-11ed-a8a3-d299d3302380,Project Security Assurance Intern,DYNAMIC SUSTAINABILITY PROGRAMS (OFFLINE INTERNSHIP),1
de5fe481-6b28-11ed-a22e-c63f61abb566,Project & Social Media Officer,Project & Social Media Officer for Financing Business Planning & Support,1
aab4b19e-6bd8-11ed-934e-964ca1abcf1b,Project & Social Media Officer  - BaLiKu,Project & Social Media Officer di Remote Site (Pedesaan),1
9d26160a-6bda-11ed-9b00-0278cb7f6574,Project & Social Media Officer Coordinator,Project & Social Media Officer Coordinator for Daya,1
fb4412cd-6bd4-11ed-acfa-feb214c74b66,Project & Social Media Officer - Jawa Barat & Banten,Project & Social Media Officer di Remote Site (Pedesaan),1
b3c7fbd1-6bd5-11ed-9b00-0278cb7f6574,Project & Social Media Officer - Jawa Tengah & Yogyakarta,Project & Social Media Officer di Remote Site (Pedesaan),2
6cfbfcc0-6bd6-11ed-934e-964ca1abcf1b,Project & Social Media Officer - Jawa Timur,Project & Social Media Officer di Remote Site (Pedesaan),1
3d1f9753-6bd7-11ed-9b00-0278cb7f6574,Project & Social Media Officer - Kalimantan,Project & Social Media Officer di Remote Site (Pedesaan),1
000c6955-6bd8-11ed-934e-964ca1abcf1b,Project & Social Media Officer - Sulawesi Selatan,Project & Social Media Officer di Remote Site (Pedesaan),1
33540021-6bd4-11ed-9b00-0278cb7f6574,Project & Social Media Officer - Sumatera Bagian Selatan,Project & Social Media Officer di Remote Site (Pedesaan),2
3bf8622d-6bd2-11ed-934e-964ca1abcf1b,Project & Social Media Officer - Sumatera Bagian Tengah,Project & Social Media Officer di Remote Site (Pedesaan),2
6ab30134-6bd1-11ed-acfa-feb214c74b66,Project & Social Media Officer - Sumatera Bagian Utara,Project & Social Media Officer di Remote Site (Pedesaan),1
3fd3a343-6fba-11ed-a7a1-0278cb7f6574,Project YODA UI/UX Intern,HR System Project Intern,2
d1cdeb0c-6bd4-11ed-934e-964ca1abcf1b,Promotion Designer,MARKETING PROMOTION DEVELOPMENT,2
1e698035-6bb4-11ed-acfa-feb214c74b66,Promotion Social Media Specialist,OPTIMIZING SOCIAL MEDIA AS MARKETING TOOLS DURING NEW NORMAL ERA,2
f55a7c62-6587-11ed-ac0b-96cc8f5beea7,PSCM Supervisor,Learning Management di Site Pertambangan Batubara,6
f0134338-6ecf-11ed-9576-62d54cabf853,Public Relation & Sustainability Intern,Belajar Birdsama Bluebird,1
e57dddf3-6afd-11ed-a781-f69d568c6c8e,Purchasing Officer,Officer Development Program,5
81006b04-646d-11ed-b5cc-0a223dcf0f66,"Purchasing, Scheduler and Cost Controller",Aktifitas 1- Evaluasi Strategi Efisiensi Sumber Daya dalam Proses Produksi Methanol untuk mencapai PROPER Emas PT. KMI pada tahun 2023.,2
46eb9696-6498-11ed-8ebb-320b4c7afbe7,"Purchasing, Scheduler and Cost Controller","Aktifitas 2- Evaluasi Strategi Penurunan Emisi dalam Proses Produksi Methanol dengan memanfaatkan renewable energy dan optimasi permesinan, untuk mendukung target Net Zero Emission pada tahun 2060",2
71eaa13f-6f96-11ed-a7a1-0278cb7f6574,QA Engineer,Belajar Birdsama Bluebird,6
dd922fa4-6977-11ed-a94f-be5cff234d68,QA-QC Officer ,PAN 8 Sragen Internship Program (PSIP),8
ce716959-6bd3-11ed-934e-964ca1abcf1b,Quality Assurance,Implementasi dan pengembangan dalam Objective and Key Results,1
26836d73-6ffa-11ed-a7a1-0278cb7f6574,Quality Assurance, Project-Based Learning Internship Bangbeli,2
6e618dc4-6ca2-11ed-8441-22d0c8df9d48,Quality Assurance,Great ISS Internship Program (GETS Program),3
f79bbef4-60bf-11ed-aaab-4a119f027d25,Quality Assurance - Jakarta (Head Office),ASTERIEX IV : First Journey to Become ASSA SPEED Racers!,1
6c0aae8c-706b-11ed-8312-feb214c74b66,Quality Assurance / Software Tester,Vocasia Internship Professional Edutech Program,2
a0ab5f62-6bd3-11ed-acfa-feb214c74b66,Quality Engineering,Implementasi dan pengembangan dalam Objective and Key Results,8
1f6bdd47-6f96-11ed-ab38-feb214c74b66,React.js Engineer,Belajar Birdsama Bluebird,6
1f4cd5c1-600a-11ed-b4b5-baaa6764964c,Recorded Content Ops Intern,Zenius Professionals Practice Program Angkatan 4,1
00df65bf-6fb0-11ed-9576-62d54cabf853,Recruitment Intern,Belajar Birdsama Bluebird,2
4df67aef-55be-11ed-adef-fa00dd4e79e4,Recruitment Officer,Learning Management di Head Office,2
8e346484-6bab-11ed-8225-d61b0e2692e7,Recruitment & Selection Specialist,RECRUITMENT BUSINESS PROCESS DEVELOPMENT,12
5008e147-6c6d-11ed-8441-22d0c8df9d48,RECRUITMENT & SELECTION SPECIALIST,Evaluasi Bisnis Proses Rekrutmen & Seleksi Karyawan,49
7c611682-6c75-11ed-934e-964ca1abcf1b,RECRUITMENT SPECIALIST DAN+DAN,Optimaliasi Pelaksanaan Reckruitment & Sellection Dan+Dan,1
536e66e1-6a42-11ed-aad2-c63f61abb566,Referral & Loyalty Management Internship,OCTO Friends & Poin Xtra Project,3
d1b95ad1-6fe8-11ed-a7a1-0278cb7f6574,"Research, Curriculum and Content Development",Improving Performance Skill Through Project Management,10
e50d2102-6b9a-11ed-8147-a2c3ec1c6e84,Research & Development Agronomi Field Assistant,Planter Development Program,4
045d38fe-6b98-11ed-8147-a2c3ec1c6e84,Research & Development Analytic Laboratorium Assistant,Planter Development Program,2
11c845cf-6b9a-11ed-8147-a2c3ec1c6e84,Research & Development Lab Mikrobiologi & Plant Protection Assistant,Planter Development Program,4
b6eb0c56-7081-11ed-8ea0-7e8ddab09462,"Researcher : Pengembangan Sistem Keuangan, Ekonomi Internasional dan Keuangan, Ekonomi dan Keuangan Digital, Reformasi Struktural, Strategic and Corporate Enabler ",Kampus Merdeka Bank Indonesia,65
035bab7a-5501-11ed-b209-b250481d78c3,Retail Intern,DYNAMIC SUSTAINABILITY PROGRAMS (OFFLINE INTERNSHIP),1
b8e41ff2-55d4-11ed-92ba-cac009710b2f,Retail Operation Staff,Learning Management di Head Office,25
6215b0b3-6fb9-11ed-8b84-22d0c8df9d48,Rewards & Recognition Strategy & Process,Great ISS Internship Program (GETS Program),3
b75244bc-63e4-11ed-b5cc-0a223dcf0f66,Safety and Environment Engineer,Aktifitas 1- Evaluasi Strategi Efisiensi Sumber Daya dalam Proses Produksi Methanol untuk mencapai PROPER Emas PT. KMI pada tahun 2023.,2
598c6a26-6497-11ed-803d-3e2209ea9924,Safety and Environment Engineer,"Aktifitas 2- Evaluasi Strategi Penurunan Emisi dalam Proses Produksi Methanol dengan memanfaatkan renewable energy dan optimasi permesinan, untuk mendukung target Net Zero Emission pada tahun 2060",2
695b0d16-54e2-11ed-a443-0a3963f6cf56,Sales Intern,DYNAMIC SUSTAINABILITY PROGRAMS (OFFLINE INTERNSHIP),1
9e8173d3-68b6-11ed-9a22-eae0f83979ef,Sales Support Intern,Lets Grow with Erajaya,1
5f587e72-f2a6-11ec-b0a8-fad2aaedcafc,Sample Position Magang Cycle 4,Sample Activity Magang Cycle 4,3
09752683-8c24-11ed-80dd-62fd06e0bb40,Scrum Master,Smart Cities & Smart enterprises: Co-Creation Solution & Innovation Development Internship Programs ,2
52d231bd-81b9-11ed-8834-ae9e72da6bb1,Scrum Master,Vocasia Internship Professional Edutech Program,2
60affb41-5502-11ed-b209-b250481d78c3,Scrum Master Intern,DYNAMIC SUSTAINABILITY PROGRAMS (OFFLINE INTERNSHIP),3
5222ec73-55a4-11ed-a443-0a3963f6cf56,Security Business Partner Intern,DYNAMIC SUSTAINABILITY PROGRAMS (OFFLINE INTERNSHIP),1
f1bb1c75-670c-11ed-9ad9-5a2f049e0a05,Security Services Operations System Implementation Support,SSO Project Implementation Support,3
970d2e76-654a-11ed-8642-0ec0e2c26b07,SEO Content Writer Intern,Lets Grow with Erajaya,8
5c06aa80-81be-11ed-8c99-9aeeab388a33,SEO Specialist,Vocasia Internship Professional Edutech Program,5
16bad256-6ff5-11ed-83e6-668d7502ff5d,SEO Spesialist, Project-Based Learning Internship Bangbeli,6
c8d9d047-60a7-11ed-b4b5-baaa6764964c,Service Advisor - Bali,ASTERIEX IV : First Journey to Become ASSA SPEED Racers!,1
39e4a31f-60a7-11ed-b4b5-baaa6764964c,Service Advisor - Balikpapan,ASTERIEX IV : First Journey to Become ASSA SPEED Racers!,1
b04480ff-60aa-11ed-bb63-2e0edbdc1ce0,Service Advisor - Bandung,ASTERIEX IV : First Journey to Become ASSA SPEED Racers!,1
7e9a4d85-60ac-11ed-b7c7-aaf123262558,Service Advisor - Banjarmasin,ASTERIEX IV : First Journey to Become ASSA SPEED Racers!,1
65432145-60b2-11ed-9380-320b4c7afbe7,Service Advisor - Lampung,ASTERIEX IV : First Journey to Become ASSA SPEED Racers!,1
e0896861-60a9-11ed-b7c7-aaf123262558,Service Advisor - Malang,ASTERIEX IV : First Journey to Become ASSA SPEED Racers!,1
2fd47f9f-60ab-11ed-b3af-8a7c8006de3f,Service Advisor - Medan,ASTERIEX IV : First Journey to Become ASSA SPEED Racers!,1
1f793284-60ac-11ed-b3af-8a7c8006de3f,Service Advisor - Megapool Jakarta,ASTERIEX IV : First Journey to Become ASSA SPEED Racers!,1
a45b3045-60ac-11ed-b4b5-baaa6764964c,Service Advisor - Padang,ASTERIEX IV : First Journey to Become ASSA SPEED Racers!,1
c25fdbc9-60ad-11ed-bb63-2e0edbdc1ce0,Service Advisor - Palembang,ASTERIEX IV : First Journey to Become ASSA SPEED Racers!,1
c7247f95-60af-11ed-9958-e6768c594c9c,Service Advisor - Semarang,ASTERIEX IV : First Journey to Become ASSA SPEED Racers!,1
1bdac1d2-60ce-11ed-9958-e6768c594c9c,Service Advisor - Surabaya,ASTERIEX IV : First Journey to Become ASSA SPEED Racers!,1
47208e00-60b0-11ed-9380-320b4c7afbe7,Service Advisor - Yogyakarta,ASTERIEX IV : First Journey to Become ASSA SPEED Racers!,1
ce9204fa-54e1-11ed-a443-0a3963f6cf56,Service & Compliance Intern,DYNAMIC SUSTAINABILITY PROGRAMS (OFFLINE INTERNSHIP),1
b7b55305-6a41-11ed-aad2-c63f61abb566,Service & Delivery Intern,Peningkatan Layanan Purna Jual Produk Cash Management dan Trade Finance,3
c01f9a33-6721-11ed-b864-9afb6f59ce88,Sharia Business Strategy & Community Development Intern,Edu Smart System Project,3
eae701a8-60d0-11ed-aaab-4a119f027d25,SHE Officer - Jakarta (Head Office),ASTERIEX IV : First Journey to Become ASSA SPEED Racers!,1
69bcdff9-658b-11ed-9da9-9afb6f59ce88,SHE Supervisor ,Learning Management di Site Pertambangan Batubara,6
8377bd43-5668-11ed-92ba-cac009710b2f,Site Engineering Intern,Konstruksi Proyek Akses Jalan Tol - Makassar New Port,3
61c91738-55d5-11ed-a527-4e3695358d0a,Site Engineer Intern,Konstruksi dalam Proyek Pengembangan Lingkup Jalan Tol dan Penanganan Banjir di KM 8 Jalan Tol Pondok Aren â€“ Serpong,2
a169b19e-6fef-11ed-8b84-22d0c8df9d48,Social Media, Project-Based Learning Internship Bangbeli,10
89c5f898-8bfd-11ed-911d-3e03fb38b690,Social Media Content Development Intern,Zenius Professionals Practice Program Angkatan 4,2
03a228f9-6c93-11ed-8441-22d0c8df9d48,SOCIAL MEDIA CORPORATE AFFAIR,Produksi konten/berita positif di media mainstream dan medsos,2
c350ece2-64df-11ed-aa64-3e2209ea9924,Social Media Intern, Orbit 4 Indonesia Internship Program,3
41153eae-670a-11ed-98f0-d6bd1ff96cc1,Social Media Intern,Lets Grow with Erajaya,3
2545ff8e-6008-11ed-b4b5-baaa6764964c,Social Media Marketing Intern,Zenius Professionals Practice Program Angkatan 4,2
10fca9bf-60dc-11ed-9958-e6768c594c9c,Social Media Officer - Autopedia (Jakarta),ASTERIEX IV : First Journey to Become ASSA SPEED Racers!,1
497223ff-6bb0-11ed-a22e-c63f61abb566,Social Media Specialist,SOCIAL MEDIA MANAGEMENT ALFAKARIR,12
5e6588ad-6bb2-11ed-bc50-b2867cbd16b8,Social Media Specialist,SOCIAL MEDIA MANAGEMENT GEMA BUDAYA,12
6efd0e16-81bd-11ed-8c99-9aeeab388a33,Social Media Specialist,Vocasia Internship Professional Edutech Program,5
f6951483-6c6e-11ed-8441-22d0c8df9d48,SOCIAL MEDIA SPECIALIST ALFA KARIR,Evaluasi Efektivitas Channel Media Sosial Terhadap Pemenuhan Karyawan,35
104ed6ee-6c98-11ed-8441-22d0c8df9d48,SOCIAL MEDIA SPECIALIST GEMA BUDAYA,Engagement Media Sosial Alfamart Gema Budaya,33
625aab85-6c9d-11ed-8441-22d0c8df9d48,Social Media Specialist GLI,Company Branding & Recruiting,1
9b7e981b-6ca4-11ed-9c3c-feb214c74b66,SOCIAL MEDIA SPECIALIST MARKETING,"Optimalisasi Marketing Communication, Event & Social Media",11
86ba8e00-600c-11ed-bb63-2e0edbdc1ce0,Sociology Subject Research Intern,Zenius Professionals Practice Program Angkatan 4,2
dd8600d2-6f96-11ed-ab38-feb214c74b66,Software Developer,Departemen Audit Internal,1
20563562-6b98-11ed-8225-d61b0e2692e7,Software Engineer,Implementasi dan pengembangan dalam Objective and Key Results,25
2d200c4e-6fdb-11ed-8b84-22d0c8df9d48,Solar PV Technical Support ( Engineering and Business Development ),Peningkatan Kapasitas Pembangkit Listrik Tenaga EBT (Surya) Menuju Net Zero Emission ,120
bb628f6a-6c65-11ed-8fcc-563600033649,SOP  SPECIALIST,Materi Sosialisasi Produk SOP dengan Audio Visual,1
9badca3c-6bc5-11ed-acfa-feb214c74b66,Space Development Specialist,PENGEMBANGAN SISTEM PENGELOLAAN TENANT ,2
fb1bb2d0-6722-11ed-98f0-d6bd1ff96cc1,Staff Admin Intern,Lending Database Maintenance & Monitoring of Administrative Activity in CSS & Legal,3
4e0402ec-6471-11ed-8ebb-320b4c7afbe7,Staff Corporate Society Responsibility dan Public Relation,Aktifitas 1- Evaluasi Strategi Efisiensi Sumber Daya dalam Proses Produksi Methanol untuk mencapai PROPER Emas PT. KMI pada tahun 2023.,3
29ceebb1-649a-11ed-8ffa-4eaca8c1bf53,Staff Corporate Society Responsibility dan Public Relation,"Aktifitas 2- Evaluasi Strategi Penurunan Emisi dalam Proses Produksi Methanol dengan memanfaatkan renewable energy dan optimasi permesinan, untuk mendukung target Net Zero Emission pada tahun 2060",3
51aeda78-6ecb-11ed-818c-feb214c74b66,Standard Competency Analyst,OJK Institute,1
4b2d7e83-6b0b-11ed-8225-d61b0e2692e7,Statistical Analysis,Officer Development Program,2
40cef7b8-68b6-11ed-a94f-be5cff234d68,Steward Crew Intern,Lets Grow with Erajaya,10
1abbae7e-654a-11ed-8642-0ec0e2c26b07,Store Operation Intern,Lets Grow with Erajaya,6
d6490bda-6a42-11ed-aad2-c63f61abb566,Store Operations Intern Indogrosir ,Indomaret Group Intern Program  (Batch 4) ,10
9ad08be3-6980-11ed-8014-f69d568c6c8e,Store Operations Intern Indomaret,Indomaret Group Intern Program  (Batch 4) ,6
bc470167-8717-11ed-8ef5-961c8f2bfd4c,Strategic PMO Intern,DYNAMIC SUSTAINABILITY PROGRAMS (OFFLINE INTERNSHIP),1
af6c1891-6fe4-11ed-a7a1-0278cb7f6574,Strategic Project & Digital Officer ,Improving Performance Skill Through Project Management,10
71ae5f81-6f9b-11ed-9576-62d54cabf853,Strategic & Transformation Office,Great ISS Internship Program (GETS Program),3
3506005b-6c76-11ed-8fcc-563600033649,Strategic Visual Communication Management Internship ,Graphic Design & Strategic Visual Communication Internship,10
fc904424-6c70-11ed-9b00-0278cb7f6574,Strategis Planner,LAWSON STRATEGIC PLANNING,2
3f489e71-6a43-11ed-a781-f69d568c6c8e,Sustainability and Community Financing Project Intern,Sustainability G20 & Community Financing Project Specialist,3
ad0d2f7a-6a37-11ed-aad2-c63f61abb566,Sustainability & CSR Officer,Officer Development Program,4
35939301-670f-11ed-98f0-d6bd1ff96cc1,Sustainability Intern,Sustainability Reporting & GHG Calculation,3
5ec08d50-6a39-11ed-8ebe-a6bfdab34a31,SWIFT MT103 For Bank Indonesia (SIMODIS) Bizchannel,Enhancement SWIFT MT103 For Bank Indonesia (SIMODIS) Bizchannel,3
cbfeaf98-6ba6-11ed-a22e-c63f61abb566,System Analyst,Implementasi dan pengembangan dalam Objective and Key Results,3
9bcf83e8-6fbe-11ed-b6f6-62d54cabf853,System Analyst,Grup Pengembangan Aplikasi Sistem Informasi,1
3bfd2125-705d-11ed-b6f6-62d54cabf853,System Analyst ,Smart Cities & Smart enterprises: Co-Creation Solution & Innovation Development Internship Programs ,2
ed570fde-6c9e-11ed-8441-22d0c8df9d48,TAF ADMINISTRATION,Pengelolaan Dokumen Keuangan Gerai Franchise,11
d9dff48c-7065-11ed-83e6-668d7502ff5d,Talent,Smart Cities & Smart enterprises: Co-Creation Solution & Innovation Development Internship Programs ,4
251dcc21-6f95-11ed-a7a1-0278cb7f6574,Talent Acquisition,Great ISS Internship Program (GETS Program),4
61dc6165-6a41-11ed-98e1-a2c3ec1c6e84,Talent Acquisition & Employee Branding Officer,Officer Development Program,3
a7c749d2-54e0-11ed-a8a3-d299d3302380,Talent Acquisition Intern,DYNAMIC SUSTAINABILITY PROGRAMS (OFFLINE INTERNSHIP),3
1fbe24d7-6f48-11ed-9576-62d54cabf853,Talent Management,Great ISS Internship Program (GETS Program),3
f1d40a0e-6ca1-11ed-9738-0278cb7f6574,TALENT MANAGEMENT,Store Leader Succession Program,1
ec18f7c9-8d60-11ed-af1a-fac4d2e980ef,Talent Management Officer,Officer Development Program,1
d91ce7e7-6fba-11ed-ab38-feb214c74b66,Talent Management & Organization Development Project Intern,HR System Project Intern,2
926f1a09-6bd7-11ed-934e-964ca1abcf1b,Talent Management Specialist,MONITORING PEMENUHAN KARYAWAN,2
4d0d0942-64e1-11ed-b74d-2af064b3727d,Talent Scout Intern for Orbit Jobs, Orbit 4 Indonesia Internship Program,2
0d2e2424-6a36-11ed-aad2-c63f61abb566,Tax Administration Officer,Officer Development Program,3
4b2d8800-60b9-11ed-9380-320b4c7afbe7,Tax Officer - Jakarta (Head Office),ASTERIEX IV : First Journey to Become ASSA SPEED Racers!,1
3ba81bd8-6fac-11ed-83fd-7e8ddab09462,Teacher Coding and Robotic,Implies Smart4.0 for Education ,10
372b2882-6f9f-11ed-a7a1-0278cb7f6574,Technical Product & Performance,Great ISS Internship Program (GETS Program),5
a23c83ec-6714-11ed-b864-9afb6f59ce88,Technical Solution Analyst Intern,777E Technical Solution Standardization,1
f629b935-74c7-11ed-b2a2-1a198d2f4c14,Technical Support ,Huawei Roll Out & Manage Service Internship,30
39603a8a-6f98-11ed-ab38-feb214c74b66,Technical Writer,Belajar Birdsama Bluebird,2
f477b52e-6bd3-11ed-934e-964ca1abcf1b,Technical Writer ,Implementasi dan pengembangan dalam Objective and Key Results,2
67992e9f-60bc-11ed-9380-320b4c7afbe7,Technology Analyst - Jakarta,ASTERIEX IV : First Journey to Become ASSA SPEED Racers!,1
6294c05b-55a5-11ed-8e0a-3642855f7e03,Technology Project Assurance Intern,DYNAMIC SUSTAINABILITY PROGRAMS (OFFLINE INTERNSHIP),1
8b7c5001-6715-11ed-bbef-2e218cacb4ef,Technology Support Analyst Intern,Minestar Maintenance Strategy Standardization,1
37d151b8-6c70-11ed-9b00-0278cb7f6574,TENANT RELATION,Optimalisasi lahan toko Alfamart yang tidak terpakai untuk disewakan ke pihak ketiga,2
195f1673-64b8-11ed-b5cc-0a223dcf0f66,Tentor Community Officers Intern,Zenius Professionals Practice Program Angkatan 4,2
ea83b352-6aeb-11ed-931a-a6bfdab34a31,Testing Specialist -Treasury System,Treasury System,3
50803fe6-6b0b-11ed-8225-d61b0e2692e7,Test Management - Customer Experience Application,Customer Experience Application,6
94babe2c-6b0d-11ed-a22e-c63f61abb566,Test Management (intern) - Core Banking Project,Core Banking Project,4
dff510fa-6b0b-11ed-8225-d61b0e2692e7,Test Management - IT Project Development Life Cycle,Â IT Project Development Life Cycle,3
49892501-6b0a-11ed-98f2-a6bfdab34a31,Test Management - Tech Refresh SKN,Tech Refresh SKN,4
cb6b84ca-6724-11ed-ab03-d2f881693fc9,Test Management - VA Debit Bizchannel Web,VA Debit Bizchannel Web and Mobile,3
eb515c6a-6fb7-11ed-a7a1-0278cb7f6574,Tim Penyusun Rencana Detail Tata Ruang (RDTR),MSIB Batch IV - Internship in Spatial Planning for Regional and National Growth - INSPIRING,347
8985d2e4-54e1-11ed-b2cf-8e356342aecb,Trade Marketing Intern,DYNAMIC SUSTAINABILITY PROGRAMS (OFFLINE INTERNSHIP),2
7d50f613-55a4-11ed-8e0a-3642855f7e03,Traditional Retail Intern,DYNAMIC SUSTAINABILITY PROGRAMS (OFFLINE INTERNSHIP),1
a0a783d2-6050-11ed-bb63-2e0edbdc1ce0,Traffic Generator Writer Intern,Zenius Professionals Practice Program Angkatan 4,3
0a6997ec-6a45-11ed-aad2-c63f61abb566,Training Enrollment & Vendor Management Intern,L&D Training Enrollment & Vendor Management,3
cb9d8948-559b-11ed-b209-b250481d78c3,Traning Officer,Learning Management di Head Office,7
3c236d93-566b-11ed-b186-36a705b63a4f,Trans Hardware & Trans Living Merchandiser  Officer,Learning Management di Head Office,5
9731b7b0-6ff8-11ed-83fd-7e8ddab09462,UI/UX Design, Project-Based Learning Internship Bangbeli,4
c2265cae-706d-11ed-b6f6-62d54cabf853,UI / UX Designer,Vocasia Internship Professional Edutech Program,2
87bfdbbc-5e68-11ed-8147-9a530862f121,UI/UX Designer,"NITA, NISA, dan Digi Parking Mobile Apps. Development",1
38214a95-6fbd-11ed-83fd-7e8ddab09462,UI/UX Designer,Improving Performance Skill Through Project Management,10
e14903c0-6f97-11ed-9576-62d54cabf853,UI/UX Designer,Belajar Birdsama Bluebird,2
c4bd5f7e-705c-11ed-83e6-668d7502ff5d,UI/UX Designer ,Smart Cities & Smart enterprises: Co-Creation Solution & Innovation Development Internship Programs ,2
bfcae731-6b27-11ed-a22e-c63f61abb566,UX Research,UX Research for Business Development,2
f680b82b-6ff7-11ed-a7a1-0278cb7f6574,UX Writer, Project-Based Learning Internship Bangbeli,2
a21d3195-6bd4-11ed-9b00-0278cb7f6574,Vendor Controller,Implementasi dan pengembangan dalam Objective and Key Results,2
59ea4d4c-654b-11ed-8642-0ec0e2c26b07,Vertical Brand Owner Intern ,Lets Grow with Erajaya,4
9b946303-6ed1-11ed-9cff-0278cb7f6574,Vertical Marketing Intern,Belajar Birdsama Bluebird,1
7f3d3e62-81bb-11ed-8c99-9aeeab388a33,Video Editor,Vocasia Internship Professional Edutech Program,3
fb6bf6c5-705e-11ed-8312-feb214c74b66,Video Editor and Videographer,Smart Cities & Smart enterprises: Co-Creation Solution & Innovation Development Internship Programs ,6
fc778e6c-6fbd-11ed-ab38-feb214c74b66,Videographer,Improving Performance Skill Through Project Management,10
0ef80c73-6006-11ed-b4b5-baaa6764964c,Videographer Intern,Zenius Professionals Practice Program Angkatan 4,3
1aad9809-64e0-11ed-8ebb-320b4c7afbe7,Videographer Intern, Orbit 4 Indonesia Internship Program,2
05f8255e-68b7-11ed-ab03-d2f881693fc9,Warehouse Admin Intern,Lets Grow with Erajaya,5
b4341791-6973-11ed-b37a-5a2f049e0a05,Warehouse Material Officer,PAN 8 Sragen Internship Program (PSIP),4
4bd637d2-6a3b-11ed-98e1-a2c3ec1c6e84,Wealth Management System Project,Wealth Management System Project,3
e5d6b7aa-6c77-11ed-9c3c-feb214c74b66,Web and Application Developer,Web and Application Developer,37
e1086328-6fbb-11ed-a7a1-0278cb7f6574,Web Developer,Improving Performance Skill Through Project Management,10
8db7482a-6f9d-11ed-a7a1-0278cb7f6574,Workplace Management,Great ISS Internship Program (GETS Program),3
3058ed45-6f9b-11ed-83fd-7e8ddab09462,Workshop Quality & Productivity Control,Belajar Birdsama Bluebird,4
947ba8dc-5502-11ed-b209-b250481d78c3,Youth Segment Intern,DYNAMIC SUSTAINABILITY PROGRAMS (OFFLINE INTERNSHIP),4
67b505b2-6b0c-11ed-8225-d61b0e2692e7,Â Testing Specialist - Custody & FA System,Custody & Fund Admin System,3
f52a4546-6b0c-11ed-a22e-c63f61abb566,Â Treasury Digital Interactive Communication Project Intern,Â Treasury Digital Interactive Communication,3
78574d97-6b09-11ed-a22e-c63f61abb566,Â Value and Culture Intern,Value and Culture Intern,3
